multiplier,trading_code,delist_date,price_tick_desc,exchange,list_date,product_code,price_tick,instrument,name,last_ddate,minmov,pricescale
10.0,y2205,2022-05-18,,DCE,2021-05-20,Y,2.0,Y2205.DCE,豆油2205,2022-05-23,2,1
10.0,y2207,2022-07-14,,DCE,2021-07-15,Y,2.0,Y2207.DCE,豆油2207,2022-07-19,2,1
10.0,y2208,2022-08-12,,DCE,2021-08-16,Y,2.0,Y2208.DCE,豆油2208,2022-08-17,2,1
10.0,y2209,2022-09-15,,DCE,2021-09-15,Y,2.0,Y2209.DCE,豆油2209,2022-09-20,2,1
10.0,y2301,2023-01-17,,DCE,2022-01-18,Y,2.0,Y2301.DCE,豆油2301,2023-01-20,2,1
10.0,y2211,2022-11-14,,DCE,2021-11-15,Y,2.0,Y2211.DCE,豆油2211,2022-11-17,2,1
10.0,y2212,2022-12-14,,DCE,2021-12-15,Y,2.0,Y2212.DCE,豆油2212,2022-12-19,2,1
10.0,y0000,2099-01-01,,DCE,2006-01-09,Y,2.0,Y0000.DCE,豆油指数,2099-01-01,2,1
10.0,sp2204,2022-04-15,,SHFE,2021-04-16,SP,2.0,SP2204.SHF,漂针浆2204,2022-04-20,2,1
10.0,sp2206,2022-06-15,,SHFE,2021-06-16,SP,2.0,SP2206.SHF,漂针浆2206,2022-06-20,2,1
10.0,sp2205,2022-05-16,,SHFE,2021-05-18,SP,2.0,SP2205.SHF,漂针浆2205,2022-05-19,2,1
10.0,sp2207,2022-07-15,,SHFE,2021-07-16,SP,2.0,SP2207.SHF,漂针浆2207,2022-07-20,2,1
10.0,sp2208,2022-08-15,,SHFE,2021-08-17,SP,2.0,SP2208.SHF,漂针浆2208,2022-08-18,2,1
10.0,sp2209,2022-09-15,,SHFE,2021-09-16,SP,2.0,SP2209.SHF,漂针浆2209,2022-09-20,2,1
10.0,sp2301,2023-01-16,,SHFE,2022-01-18,SP,2.0,SP2301.SHF,漂针浆2301,2023-01-19,2,1
10.0,sp2210,2022-10-17,,SHFE,2021-10-18,SP,2.0,SP2210.SHF,漂针浆2210,2022-10-20,2,1
10.0,sp2212,2022-12-15,,SHFE,2021-12-16,SP,2.0,SP2212.SHF,漂针浆2212,2022-12-20,2,1
10.0,sp2211,2022-11-15,,SHFE,2021-11-16,SP,2.0,SP2211.SHF,漂针浆2211,2022-11-18,2,1
10.0,sp0000,2099-01-01,,SHFE,2018-11-27,SP,2.0,SP0000.SHF,漂针浆指数,2099-01-01,2,1
10.0,lu2205,2022-04-29,,INE,2021-05-06,LU,1.0,LU2205.INE,低硫燃料油2205,2022-05-11,1,1
10.0,lu2206,2022-05-31,,INE,2021-06-01,LU,1.0,LU2206.INE,低硫燃料油2206,2022-06-08,1,1
10.0,lu2209,2022-08-31,,INE,2021-09-01,LU,1.0,LU2209.INE,低硫燃料油2209,2022-09-07,1,1
10.0,lu2207,2022-06-30,,INE,2021-07-01,LU,1.0,LU2207.INE,低硫燃料油2207,2022-07-07,1,1
10.0,lu2208,2022-07-29,,INE,2021-08-02,LU,1.0,LU2208.INE,低硫燃料油2208,2022-08-05,1,1
10.0,lu2210,2022-09-23,,INE,2021-09-24,LU,1.0,LU2210.INE,低硫燃料油2210,2022-09-30,1,1
10.0,lu2302,2023-01-31,,INE,2022-01-24,LU,1.0,LU2302.INE,低硫燃料油2302,2023-02-07,1,1
10.0,lu2211,2022-10-31,,INE,2021-11-01,LU,1.0,LU2211.INE,低硫燃料油2211,2022-11-07,1,1
10.0,lu2212,2022-11-30,,INE,2021-12-01,LU,1.0,LU2212.INE,低硫燃料油2212,2022-12-07,1,1
10.0,lu2301,2022-12-30,,INE,2021-12-24,LU,1.0,LU2301.INE,低硫燃料油2301,2023-01-10,1,1
10.0,lu0000,2099-01-01,,INE,2020-06-22,LU,1.0,LU0000.INE,低硫燃料油指数,2099-01-01,1,1
10.0,b2204,2022-04-18,,DCE,2021-04-16,B,1.0,B2204.DCE,黄大豆2号2204,2022-04-21,1,1
10.0,b2206,2022-06-15,,DCE,2021-06-16,B,1.0,B2206.DCE,黄大豆2号2206,2022-06-20,1,1
10.0,b2205,2022-05-18,,DCE,2021-05-20,B,1.0,B2205.DCE,黄大豆2号2205,2022-05-23,1,1
10.0,b2207,2022-07-14,,DCE,2021-07-15,B,1.0,B2207.DCE,黄大豆2号2207,2022-07-19,1,1
10.0,b2208,2022-08-12,,DCE,2021-08-16,B,1.0,B2208.DCE,黄大豆2号2208,2022-08-17,1,1
10.0,b2209,2022-09-15,,DCE,2021-09-15,B,1.0,B2209.DCE,黄大豆2号2209,2022-09-20,1,1
10.0,b2301,2023-01-17,,DCE,2022-01-18,B,1.0,B2301.DCE,黄大豆2号2301,2023-01-20,1,1
10.0,b2210,2022-10-21,,DCE,2021-10-22,B,1.0,B2210.DCE,黄大豆2号2210,2022-10-26,1,1
10.0,b2211,2022-11-14,,DCE,2021-11-15,B,1.0,B2211.DCE,黄大豆2号2211,2022-11-17,1,1
10.0,b2212,2022-12-14,,DCE,2021-12-15,B,1.0,B2212.DCE,黄大豆2号2212,2022-12-19,1,1
10.0,b0000,2099-01-01,,DCE,2004-12-22,B,1.0,B0000.DCE,黄大豆2号指数,2099-01-01,1,1
5.0,TA204,2022-04-18,,CZCE,2021-04-16,TA,2.0,TA2204.CZC,精对苯二甲酸204,2022-04-18,2,1
5.0,TA206,2022-06-15,,CZCE,2021-06-16,TA,2.0,TA2206.CZC,精对苯二甲酸206,2022-06-15,2,1
5.0,TA205,2022-05-18,,CZCE,2021-05-20,TA,2.0,TA2205.CZC,精对苯二甲酸205,2022-05-18,2,1
5.0,TA207,2022-07-14,,CZCE,2021-07-15,TA,2.0,TA2207.CZC,精对苯二甲酸207,2022-07-14,2,1
5.0,TA208,2022-08-12,,CZCE,2021-08-16,TA,2.0,TA2208.CZC,精对苯二甲酸208,2022-08-12,2,1
5.0,TA209,2022-09-15,,CZCE,2021-09-15,TA,2.0,TA2209.CZC,精对苯二甲酸209,2022-09-15,2,1
5.0,TA301,2023-01-13,,CZCE,2022-01-18,TA,2.0,TA2301.CZC,精对苯二甲酸301,2023-01-13,2,1
5.0,TA210,2022-10-21,,CZCE,2021-10-22,TA,2.0,TA2210.CZC,精对苯二甲酸210,2022-10-21,2,1
5.0,TA211,2022-11-14,,CZCE,2021-11-15,TA,2.0,TA2211.CZC,精对苯二甲酸211,2022-11-14,2,1
5.0,TA212,2022-12-14,,CZCE,2021-12-15,TA,2.0,TA2212.CZC,精对苯二甲酸212,2022-12-14,2,1
5.0,TA0000,2099-01-01,,CZCE,2006-12-18,TA,2.0,TA0000.CZC,精对苯二甲酸指数,2099-01-01,2,1
16.0,lh2205,2022-05-26,,DCE,2021-05-27,LH,5.0,LH2205.DCE,生猪2205,2022-05-31,5,1
16.0,lh2207,2022-07-26,,DCE,2021-07-28,LH,5.0,LH2207.DCE,生猪2207,2022-07-29,5,1
16.0,lh2209,2022-09-27,,DCE,2021-09-28,LH,5.0,LH2209.DCE,生猪2209,2022-09-30,5,1
16.0,lh2301,2023-01-25,,DCE,2022-01-26,LH,5.0,LH2301.DCE,生猪2301,2023-01-30,5,1
16.0,lh2211,2022-11-25,,DCE,2021-11-26,LH,5.0,LH2211.DCE,生猪2211,2022-11-30,5,1
16.0,lh0000,2099-01-01,,DCE,2021-01-08,LH,5.0,LH0000.DCE,生猪指数,2099-01-01,5,1
10.0,c2205,2022-05-18,,DCE,2021-05-20,C,1.0,C2205.DCE,黄玉米2205,2022-05-23,1,1
10.0,c2207,2022-07-14,,DCE,2021-07-15,C,1.0,C2207.DCE,黄玉米2207,2022-07-19,1,1
10.0,c2209,2022-09-15,,DCE,2021-09-15,C,1.0,C2209.DCE,黄玉米2209,2022-09-20,1,1
10.0,c2301,2023-01-17,,DCE,2022-01-18,C,1.0,C2301.DCE,黄玉米2301,2023-01-20,1,1
10.0,c2211,2022-11-14,,DCE,2021-11-15,C,1.0,C2211.DCE,黄玉米2211,2022-11-17,1,1
10.0,c0000,2099-01-01,,DCE,2004-09-22,C,1.0,C0000.DCE,黄玉米指数,2099-01-01,1,1
10.0,bu2206,2022-06-15,,SHFE,2020-06-16,BU,2.0,BU2206.SHF,石油沥青2206,2022-06-20,2,1
10.0,bu2209,2022-09-15,,SHFE,2020-09-16,BU,2.0,BU2209.SHF,石油沥青2209,2022-09-20,2,1
10.0,bu2212,2022-12-15,,SHFE,2020-12-16,BU,2.0,BU2212.SHF,石油沥青2212,2022-12-20,2,1
10.0,bu2303,2023-03-15,,SHFE,2021-03-16,BU,2.0,BU2303.SHF,石油沥青2303,2023-03-20,2,1
10.0,bu2306,2023-06-15,,SHFE,2021-06-16,BU,2.0,BU2306.SHF,石油沥青2306,2023-06-20,2,1
10.0,bu2309,2023-09-15,,SHFE,2021-09-16,BU,2.0,BU2309.SHF,石油沥青2309,2023-09-20,2,1
10.0,bu2204,2022-04-15,,SHFE,2021-10-18,BU,2.0,BU2204.SHF,石油沥青2204,2022-04-20,2,1
10.0,bu2312,2023-12-15,,SHFE,2021-12-16,BU,2.0,BU2312.SHF,石油沥青2312,2023-12-20,2,1
10.0,bu2207,2022-07-15,,SHFE,2022-01-18,BU,2.0,BU2207.SHF,石油沥青2207,2022-07-20,2,1
10.0,bu2205,2022-05-16,,SHFE,2021-11-16,BU,2.0,BU2205.SHF,石油沥青2205,2022-05-19,2,1
10.0,bu0000,2099-01-01,,SHFE,2013-10-09,BU,2.0,BU0000.SHF,石油沥青指数,2099-01-01,2,1
10.0,SR205,2022-05-18,,CZCE,2021-05-20,SR,1.0,SR2205.CZC,白砂糖205,2022-05-18,1,1
10.0,SR207,2022-07-14,,CZCE,2021-07-15,SR,1.0,SR2207.CZC,白砂糖207,2022-07-14,1,1
10.0,SR209,2022-09-15,,CZCE,2021-09-15,SR,1.0,SR2209.CZC,白砂糖209,2022-09-15,1,1
10.0,SR301,2023-01-13,,CZCE,2022-01-18,SR,1.0,SR2301.CZC,白砂糖301,2023-01-13,1,1
10.0,SR211,2022-11-14,,CZCE,2021-11-15,SR,1.0,SR2211.CZC,白砂糖211,2022-11-14,1,1
10.0,SR0000,2099-01-01,,CZCE,2006-01-06,SR,1.0,SR0000.CZC,白砂糖指数,2099-01-01,1,1
100.0,i2205,2022-05-18,,DCE,2021-05-20,I,0.5,I2205.DCE,铁矿石2205,2022-05-23,5,10
100.0,i2204,2022-04-18,,DCE,2021-04-16,I,0.5,I2204.DCE,铁矿石2204,2022-04-21,5,10
100.0,i2206,2022-06-15,,DCE,2021-06-16,I,0.5,I2206.DCE,铁矿石2206,2022-06-20,5,10
100.0,i2207,2022-07-14,,DCE,2021-07-15,I,0.5,I2207.DCE,铁矿石2207,2022-07-19,5,10
100.0,i2208,2022-08-12,,DCE,2021-08-16,I,0.5,I2208.DCE,铁矿石2208,2022-08-17,5,10
100.0,i2209,2022-09-15,,DCE,2021-09-15,I,0.5,I2209.DCE,铁矿石2209,2022-09-20,5,10
100.0,i2301,2023-01-17,,DCE,2022-01-18,I,0.5,I2301.DCE,铁矿石2301,2023-01-20,5,10
100.0,i2210,2022-10-21,,DCE,2021-10-22,I,0.5,I2210.DCE,铁矿石2210,2022-10-26,5,10
100.0,i2211,2022-11-14,,DCE,2021-11-15,I,0.5,I2211.DCE,铁矿石2211,2022-11-17,5,10
100.0,i2212,2022-12-14,,DCE,2021-12-15,I,0.5,I2212.DCE,铁矿石2212,2022-12-19,5,10
100.0,i0000,2099-01-01,,DCE,2013-10-18,I,0.5,I0000.DCE,铁矿石指数,2099-01-01,5,10
10.0,MA204,2022-04-18,,CZCE,2021-04-16,MA,1.0,MA2204.CZC,甲醇204,2022-04-18,1,1
10.0,MA206,2022-06-15,,CZCE,2021-06-16,MA,1.0,MA2206.CZC,甲醇206,2022-06-15,1,1
10.0,MA205,2022-05-18,,CZCE,2021-05-20,MA,1.0,MA2205.CZC,甲醇205,2022-05-18,1,1
10.0,MA207,2022-07-14,,CZCE,2021-07-15,MA,1.0,MA2207.CZC,甲醇207,2022-07-14,1,1
10.0,MA208,2022-08-12,,CZCE,2021-08-16,MA,1.0,MA2208.CZC,甲醇208,2022-08-12,1,1
10.0,MA209,2022-09-15,,CZCE,2021-09-15,MA,1.0,MA2209.CZC,甲醇209,2022-09-15,1,1
10.0,MA301,2023-01-13,,CZCE,2022-01-18,MA,1.0,MA2301.CZC,甲醇301,2023-01-13,1,1
10.0,MA210,2022-10-21,,CZCE,2021-10-22,MA,1.0,MA2210.CZC,甲醇210,2022-10-21,1,1
10.0,MA211,2022-11-14,,CZCE,2021-11-15,MA,1.0,MA2211.CZC,甲醇211,2022-11-14,1,1
10.0,MA212,2022-12-14,,CZCE,2021-12-15,MA,1.0,MA2212.CZC,甲醇212,2022-12-14,1,1
10.0,MA0000,2099-01-01,,CZCE,2014-06-17,MA,1.0,MA0000.CZC,甲醇指数,2099-01-01,1,1
10.0,m2205,2022-05-18,,DCE,2021-05-20,M,1.0,M2205.DCE,豆粕2205,2022-05-23,1,1
10.0,m2207,2022-07-14,,DCE,2021-07-15,M,1.0,M2207.DCE,豆粕2207,2022-07-19,1,1
10.0,m2208,2022-08-12,,DCE,2021-08-16,M,1.0,M2208.DCE,豆粕2208,2022-08-17,1,1
10.0,m2209,2022-09-15,,DCE,2021-09-15,M,1.0,M2209.DCE,豆粕2209,2022-09-20,1,1
10.0,m2301,2023-01-17,,DCE,2022-01-18,M,1.0,M2301.DCE,豆粕2301,2023-01-20,1,1
10.0,m2211,2022-11-14,,DCE,2021-11-15,M,1.0,M2211.DCE,豆粕2211,2022-11-17,1,1
10.0,m2212,2022-12-14,,DCE,2021-12-15,M,1.0,M2212.DCE,豆粕2212,2022-12-19,1,1
10.0,m0000,2099-01-01,,DCE,2000-07-17,M,1.0,M0000.DCE,豆粕指数,2099-01-01,1,1
10.0,fu2205,2022-04-29,,SHFE,2021-05-06,FU,1.0,FU2205.SHF,燃料油2205,2022-05-09,1,1
10.0,fu2206,2022-05-31,,SHFE,2021-06-01,FU,1.0,FU2206.SHF,燃料油2206,2022-06-06,1,1
10.0,fu2209,2022-08-31,,SHFE,2021-09-01,FU,1.0,FU2209.SHF,燃料油2209,2022-09-05,1,1
10.0,fu2207,2022-06-30,,SHFE,2021-07-01,FU,1.0,FU2207.SHF,燃料油2207,2022-07-05,1,1
10.0,fu2208,2022-07-29,,SHFE,2021-08-02,FU,1.0,FU2208.SHF,燃料油2208,2022-08-03,1,1
10.0,fu2210,2022-09-23,,SHFE,2021-09-24,FU,1.0,FU2210.SHF,燃料油2210,2022-09-28,1,1
10.0,fu2302,2023-01-31,,SHFE,2022-01-24,FU,1.0,FU2302.SHF,燃料油2302,2023-02-03,1,1
10.0,fu2211,2022-10-31,,SHFE,2021-11-01,FU,1.0,FU2211.SHF,燃料油2211,2022-11-03,1,1
10.0,fu2212,2022-11-30,,SHFE,2021-12-01,FU,1.0,FU2212.SHF,燃料油2212,2022-12-05,1,1
10.0,fu2301,2022-12-30,,SHFE,2021-12-24,FU,1.0,FU2301.SHF,燃料油2301,2023-01-06,1,1
10.0,fu0000,2099-01-01,,SHFE,2004-08-25,FU,1.0,FU0000.SHF,燃料油指数,2099-01-01,1,1
10.0,jd2204,2022-04-26,,DCE,2021-04-28,JD,1.0,JD2204.DCE,鲜鸡蛋2204,2022-04-29,1,1
10.0,jd2205,2022-05-26,,DCE,2021-05-27,JD,1.0,JD2205.DCE,鲜鸡蛋2205,2022-05-31,1,1
10.0,jd2207,2022-07-26,,DCE,2021-07-28,JD,1.0,JD2207.DCE,鲜鸡蛋2207,2022-07-29,1,1
10.0,jd2206,2022-06-27,,DCE,2021-06-28,JD,1.0,JD2206.DCE,鲜鸡蛋2206,2022-06-30,1,1
10.0,jd2208,2022-08-26,,DCE,2021-08-27,JD,1.0,JD2208.DCE,鲜鸡蛋2208,2022-08-31,1,1
10.0,jd2209,2022-09-27,,DCE,2021-09-28,JD,1.0,JD2209.DCE,鲜鸡蛋2209,2022-09-30,1,1
10.0,jd2301,2023-01-25,,DCE,2022-01-26,JD,1.0,JD2301.DCE,鲜鸡蛋2301,2023-01-30,1,1
10.0,jd2210,2022-10-26,,DCE,2021-10-27,JD,1.0,JD2210.DCE,鲜鸡蛋2210,2022-10-31,1,1
10.0,jd2212,2022-12-27,,DCE,2021-12-29,JD,1.0,JD2212.DCE,鲜鸡蛋2212,2022-12-30,1,1
10.0,jd2211,2022-11-25,,DCE,2021-11-26,JD,1.0,JD2211.DCE,鲜鸡蛋2211,2022-11-30,1,1
10.0,jd0000,2099-01-01,,DCE,2013-11-08,JD,1.0,JD0000.DCE,鲜鸡蛋指数,2099-01-01,1,1
5.0,SF204,2022-04-18,,CZCE,2021-04-16,SF,2.0,SF2204.CZC,硅铁204,2022-04-18,2,1
5.0,SF206,2022-06-15,,CZCE,2021-06-16,SF,2.0,SF2206.CZC,硅铁206,2022-06-15,2,1
5.0,SF205,2022-05-18,,CZCE,2021-05-20,SF,2.0,SF2205.CZC,硅铁205,2022-05-18,2,1
5.0,SF207,2022-07-14,,CZCE,2021-07-15,SF,2.0,SF2207.CZC,硅铁207,2022-07-14,2,1
5.0,SF208,2022-08-12,,CZCE,2021-08-16,SF,2.0,SF2208.CZC,硅铁208,2022-08-12,2,1
5.0,SF209,2022-09-15,,CZCE,2021-09-15,SF,2.0,SF2209.CZC,硅铁209,2022-09-15,2,1
5.0,SF301,2023-01-13,,CZCE,2022-01-18,SF,2.0,SF2301.CZC,硅铁301,2023-01-13,2,1
5.0,SF210,2022-10-21,,CZCE,2021-10-22,SF,2.0,SF2210.CZC,硅铁210,2022-10-21,2,1
5.0,SF211,2022-11-14,,CZCE,2021-11-15,SF,2.0,SF2211.CZC,硅铁211,2022-11-14,2,1
5.0,SF212,2022-12-14,,CZCE,2021-12-15,SF,2.0,SF2212.CZC,硅铁212,2022-12-14,2,1
5.0,SF0000,2099-01-01,,CZCE,2014-08-08,SF,2.0,SF0000.CZC,硅铁指数,2099-01-01,2,1
5.0,pb2205,2022-05-16,,SHFE,2021-05-18,PB,5.0,PB2205.SHF,铅2205,2022-05-19,5,1
5.0,pb2204,2022-04-15,,SHFE,2021-04-16,PB,5.0,PB2204.SHF,铅2204,2022-04-20,5,1
5.0,pb2206,2022-06-15,,SHFE,2021-06-16,PB,5.0,PB2206.SHF,铅2206,2022-06-20,5,1
5.0,pb2207,2022-07-15,,SHFE,2021-07-16,PB,5.0,PB2207.SHF,铅2207,2022-07-20,5,1
5.0,pb2208,2022-08-15,,SHFE,2021-08-17,PB,5.0,PB2208.SHF,铅2208,2022-08-18,5,1
5.0,pb2209,2022-09-15,,SHFE,2021-09-16,PB,5.0,PB2209.SHF,铅2209,2022-09-20,5,1
5.0,pb2210,2022-10-17,,SHFE,2021-10-18,PB,5.0,PB2210.SHF,铅2210,2022-10-20,5,1
5.0,pb2212,2022-12-15,,SHFE,2021-12-16,PB,5.0,PB2212.SHF,铅2212,2022-12-20,5,1
5.0,pb2301,2023-01-16,,SHFE,2022-01-18,PB,5.0,PB2301.SHF,铅2301,2023-01-19,5,1
5.0,pb2211,2022-11-15,,SHFE,2021-11-16,PB,5.0,PB2211.SHF,铅2211,2022-11-18,5,1
5.0,pb0000,2099-01-01,,SHFE,2011-03-24,PB,5.0,PB0000.SHF,铅指数,2099-01-01,5,1
5.0,PF205,2022-05-18,,CZCE,2021-05-20,PF,2.0,PF2205.CZC,短纤205,2022-05-18,2,1
5.0,PF204,2022-04-18,,CZCE,2021-04-16,PF,2.0,PF2204.CZC,短纤204,2022-04-18,2,1
5.0,PF206,2022-06-15,,CZCE,2021-06-16,PF,2.0,PF2206.CZC,短纤206,2022-06-15,2,1
5.0,PF207,2022-07-14,,CZCE,2021-07-15,PF,2.0,PF2207.CZC,短纤207,2022-07-14,2,1
5.0,PF209,2022-09-15,,CZCE,2021-09-15,PF,2.0,PF2209.CZC,短纤209,2022-09-15,2,1
5.0,PF208,2022-08-12,,CZCE,2021-08-16,PF,2.0,PF2208.CZC,短纤208,2022-08-12,2,1
5.0,PF210,2022-10-21,,CZCE,2021-10-22,PF,2.0,PF2210.CZC,短纤210,2022-10-21,2,1
5.0,PF301,2023-01-13,,CZCE,2022-01-18,PF,2.0,PF2301.CZC,短纤301,2023-01-13,2,1
5.0,PF211,2022-11-14,,CZCE,2021-11-15,PF,2.0,PF2211.CZC,短纤211,2022-11-14,2,1
5.0,PF212,2022-12-14,,CZCE,2021-12-15,PF,2.0,PF2212.CZC,短纤212,2022-12-14,2,1
5.0,PF0000,2099-01-01,,CZCE,2020-10-12,PF,2.0,PF0000.CZC,短纤指数,2099-01-01,2,1
5.0,PK204,2022-04-18,,CZCE,2021-04-16,PK,2.0,PK2204.CZC,花生仁204,2022-04-18,2,1
5.0,PK210,2022-10-21,,CZCE,2021-10-22,PK,2.0,PK2210.CZC,花生仁210,2022-10-21,2,1
5.0,PK301,2023-01-13,,CZCE,2022-01-18,PK,2.0,PK2301.CZC,花生仁301,2023-01-13,2,1
5.0,PK211,2022-11-14,,CZCE,2021-11-15,PK,2.0,PK2211.CZC,花生仁211,2022-11-14,2,1
5.0,PK212,2022-12-14,,CZCE,2021-12-15,PK,2.0,PK2212.CZC,花生仁212,2022-12-14,2,1
5.0,PK0000,2099-01-01,,CZCE,2021-02-01,PK,2.0,PK0000.CZC,花生仁指数,2099-01-01,2,1
15.0,ag2204,2022-04-15,,SHFE,2021-04-16,AG,1.0,AG2204.SHF,白银2204,2022-04-20,1,1
15.0,ag2206,2022-06-15,,SHFE,2021-06-16,AG,1.0,AG2206.SHF,白银2206,2022-06-20,1,1
15.0,ag2207,2022-07-15,,SHFE,2021-07-16,AG,1.0,AG2207.SHF,白银2207,2022-07-20,1,1
15.0,ag2205,2022-05-16,,SHFE,2021-05-18,AG,1.0,AG2205.SHF,白银2205,2022-05-19,1,1
15.0,ag2208,2022-08-15,,SHFE,2021-08-17,AG,1.0,AG2208.SHF,白银2208,2022-08-18,1,1
15.0,ag2209,2022-09-15,,SHFE,2021-09-16,AG,1.0,AG2209.SHF,白银2209,2022-09-20,1,1
15.0,ag2210,2022-10-17,,SHFE,2021-10-18,AG,1.0,AG2210.SHF,白银2210,2022-10-20,1,1
15.0,ag2212,2022-12-15,,SHFE,2021-12-16,AG,1.0,AG2212.SHF,白银2212,2022-12-20,1,1
15.0,ag2301,2023-01-16,,SHFE,2022-01-18,AG,1.0,AG2301.SHF,白银2301,2023-01-19,1,1
15.0,ag2211,2022-11-15,,SHFE,2021-11-16,AG,1.0,AG2211.SHF,白银2211,2022-11-18,1,1
15.0,ag0000,2099-01-01,,SHFE,2012-05-10,AG,1.0,AG0000.SHF,白银指数,2099-01-01,1,1
60.0,jm2204,2022-04-18,,DCE,2021-04-16,JM,0.5,JM2204.DCE,焦煤2204,2022-04-21,5,10
60.0,jm2206,2022-06-15,,DCE,2021-06-16,JM,0.5,JM2206.DCE,焦煤2206,2022-06-20,5,10
60.0,jm2205,2022-05-18,,DCE,2021-05-20,JM,0.5,JM2205.DCE,焦煤2205,2022-05-23,5,10
60.0,jm2207,2022-07-14,,DCE,2021-07-15,JM,0.5,JM2207.DCE,焦煤2207,2022-07-19,5,10
60.0,jm2208,2022-08-12,,DCE,2021-08-16,JM,0.5,JM2208.DCE,焦煤2208,2022-08-17,5,10
60.0,jm2209,2022-09-15,,DCE,2021-09-15,JM,0.5,JM2209.DCE,焦煤2209,2022-09-20,5,10
60.0,jm2301,2023-01-17,,DCE,2022-01-18,JM,0.5,JM2301.DCE,焦煤2301,2023-01-20,5,10
60.0,jm2210,2022-10-21,,DCE,2021-10-22,JM,0.5,JM2210.DCE,焦煤2210,2022-10-26,5,10
60.0,jm2211,2022-11-14,,DCE,2021-11-15,JM,0.5,JM2211.DCE,焦煤2211,2022-11-17,5,10
60.0,jm2212,2022-12-14,,DCE,2021-12-15,JM,0.5,JM2212.DCE,焦煤2212,2022-12-19,5,10
60.0,jm0000,2099-01-01,,DCE,2013-03-22,JM,0.5,JM0000.DCE,焦煤指数,2099-01-01,5,10
5.0,eb2204,2022-04-26,,DCE,2021-04-28,EB,1.0,EB2204.DCE,苯乙烯2204,2022-04-29,1,1
5.0,eb2205,2022-05-26,,DCE,2021-05-27,EB,1.0,EB2205.DCE,苯乙烯2205,2022-05-31,1,1
5.0,eb2207,2022-07-26,,DCE,2021-07-28,EB,1.0,EB2207.DCE,苯乙烯2207,2022-07-29,1,1
5.0,eb2206,2022-06-27,,DCE,2021-06-28,EB,1.0,EB2206.DCE,苯乙烯2206,2022-06-30,1,1
5.0,eb2209,2022-09-27,,DCE,2021-09-28,EB,1.0,EB2209.DCE,苯乙烯2209,2022-09-30,1,1
5.0,eb2208,2022-08-26,,DCE,2021-08-27,EB,1.0,EB2208.DCE,苯乙烯2208,2022-08-31,1,1
5.0,eb2301,2023-01-25,,DCE,2022-01-26,EB,1.0,EB2301.DCE,苯乙烯2301,2023-01-30,1,1
5.0,eb2210,2022-10-26,,DCE,2021-10-27,EB,1.0,EB2210.DCE,苯乙烯2210,2022-10-31,1,1
5.0,eb2212,2022-12-27,,DCE,2021-12-29,EB,1.0,EB2212.DCE,苯乙烯2212,2022-12-30,1,1
5.0,eb2211,2022-11-25,,DCE,2021-11-26,EB,1.0,EB2211.DCE,苯乙烯2211,2022-11-30,1,1
5.0,eb0000,2099-01-01,,DCE,2019-09-26,EB,1.0,EB0000.DCE,苯乙烯指数,2099-01-01,1,1
20.0,FG204,2022-04-18,,CZCE,2021-04-16,FG,1.0,FG2204.CZC,玻璃204,2022-04-18,1,1
20.0,FG206,2022-06-15,,CZCE,2021-06-16,FG,1.0,FG2206.CZC,玻璃206,2022-06-15,1,1
20.0,FG205,2022-05-18,,CZCE,2021-05-20,FG,1.0,FG2205.CZC,玻璃205,2022-05-18,1,1
20.0,FG207,2022-07-14,,CZCE,2021-07-15,FG,1.0,FG2207.CZC,玻璃207,2022-07-14,1,1
20.0,FG208,2022-08-12,,CZCE,2021-08-16,FG,1.0,FG2208.CZC,玻璃208,2022-08-12,1,1
20.0,FG209,2022-09-15,,CZCE,2021-09-15,FG,1.0,FG2209.CZC,玻璃209,2022-09-15,1,1
20.0,FG301,2023-01-13,,CZCE,2022-01-18,FG,1.0,FG2301.CZC,玻璃301,2023-01-13,1,1
20.0,FG210,2022-10-21,,CZCE,2021-10-22,FG,1.0,FG2210.CZC,玻璃210,2022-10-21,1,1
20.0,FG211,2022-11-14,,CZCE,2021-11-15,FG,1.0,FG2211.CZC,玻璃211,2022-11-14,1,1
20.0,FG212,2022-12-14,,CZCE,2021-12-15,FG,1.0,FG2212.CZC,玻璃212,2022-12-14,1,1
20.0,FG0000,2099-01-01,,CZCE,2012-12-03,FG,1.0,FG0000.CZC,玻璃指数,2099-01-01,1,1
1000.0,sc2209,2022-08-31,,INE,2019-09-02,SC,0.1,SC2209.INE,原油2209,2022-09-07,1,10
1000.0,sc2212,2022-11-30,,INE,2019-12-02,SC,0.1,SC2212.INE,原油2212,2022-12-07,1,10
1000.0,sc2206,2022-05-31,,INE,2019-06-03,SC,0.1,SC2206.INE,原油2206,2022-06-08,1,10
1000.0,sc2303,2023-02-28,,INE,2020-03-02,SC,0.1,SC2303.INE,原油2303,2023-03-07,1,10
1000.0,sc2306,2023-05-31,,INE,2020-06-01,SC,0.1,SC2306.INE,原油2306,2023-06-07,1,10
1000.0,sc2309,2023-08-31,,INE,2020-09-01,SC,0.1,SC2309.INE,原油2309,2023-09-07,1,10
1000.0,sc2312,2023-11-30,,INE,2020-12-01,SC,0.1,SC2312.INE,原油2312,2023-12-07,1,10
1000.0,sc2403,2024-02-29,,INE,2021-03-01,SC,0.1,SC2403.INE,原油2403,2024-03-07,1,10
1000.0,sc2205,2022-04-29,,INE,2021-05-06,SC,0.1,SC2205.INE,原油2205,2022-05-11,1,10
1000.0,sc2406,2024-05-31,,INE,2021-06-01,SC,0.1,SC2406.INE,原油2406,2024-06-07,1,10
1000.0,sc2409,2024-08-30,,INE,2021-09-01,SC,0.1,SC2409.INE,原油2409,2024-09-06,1,10
1000.0,sc2207,2022-06-30,,INE,2021-07-01,SC,0.1,SC2207.INE,原油2207,2022-07-07,1,10
1000.0,sc2208,2022-07-29,,INE,2021-08-02,SC,0.1,SC2208.INE,原油2208,2022-08-05,1,10
1000.0,sc2210,2022-09-23,,INE,2021-09-24,SC,0.1,SC2210.INE,原油2210,2022-09-30,1,10
1000.0,sc2302,2023-01-31,,INE,2022-01-24,SC,0.1,SC2302.INE,原油2302,2023-02-07,1,10
1000.0,sc2211,2022-10-31,,INE,2021-11-01,SC,0.1,SC2211.INE,原油2211,2022-11-07,1,10
1000.0,sc2412,2024-11-29,,INE,2021-12-01,SC,0.1,SC2412.INE,原油2412,2024-12-06,1,10
1000.0,sc2301,2022-12-30,,INE,2021-12-24,SC,0.1,SC2301.INE,原油2301,2023-01-10,1,10
1000.0,sc0000,2099-01-01,,INE,2018-03-26,SC,0.1,SC0000.INE,原油指数,2099-01-01,1,10
10.0,p2204,2022-04-18,,DCE,2021-04-16,P,2.0,P2204.DCE,棕榈油2204,2022-04-21,2,1
10.0,p2206,2022-06-15,,DCE,2021-06-16,P,2.0,P2206.DCE,棕榈油2206,2022-06-20,2,1
10.0,p2205,2022-05-18,,DCE,2021-05-20,P,2.0,P2205.DCE,棕榈油2205,2022-05-23,2,1
10.0,p2207,2022-07-14,,DCE,2021-07-15,P,2.0,P2207.DCE,棕榈油2207,2022-07-19,2,1
10.0,p2208,2022-08-12,,DCE,2021-08-16,P,2.0,P2208.DCE,棕榈油2208,2022-08-17,2,1
10.0,p2209,2022-09-15,,DCE,2021-09-15,P,2.0,P2209.DCE,棕榈油2209,2022-09-20,2,1
10.0,p2301,2023-01-17,,DCE,2022-01-18,P,2.0,P2301.DCE,棕榈油2301,2023-01-20,2,1
10.0,p2210,2022-10-21,,DCE,2021-10-22,P,2.0,P2210.DCE,棕榈油2210,2022-10-26,2,1
10.0,p2211,2022-11-14,,DCE,2021-11-15,P,2.0,P2211.DCE,棕榈油2211,2022-11-17,2,1
10.0,p2212,2022-12-14,,DCE,2021-12-15,P,2.0,P2212.DCE,棕榈油2212,2022-12-19,2,1
10.0,p0000,2099-01-01,,DCE,2007-10-29,P,2.0,P0000.DCE,棕榈油指数,2099-01-01,2,1
10.0,rb2205,2022-05-16,,SHFE,2021-05-18,RB,1.0,RB2205.SHF,螺纹钢2205,2022-05-19,1,1
10.0,rb2204,2022-04-15,,SHFE,2021-04-16,RB,1.0,RB2204.SHF,螺纹钢2204,2022-04-20,1,1
10.0,rb2206,2022-06-15,,SHFE,2021-06-16,RB,1.0,RB2206.SHF,螺纹钢2206,2022-06-20,1,1
10.0,rb2207,2022-07-15,,SHFE,2021-07-16,RB,1.0,RB2207.SHF,螺纹钢2207,2022-07-20,1,1
10.0,rb2208,2022-08-15,,SHFE,2021-08-17,RB,1.0,RB2208.SHF,螺纹钢2208,2022-08-18,1,1
10.0,rb2209,2022-09-15,,SHFE,2021-09-16,RB,1.0,RB2209.SHF,螺纹钢2209,2022-09-20,1,1
10.0,rb2210,2022-10-17,,SHFE,2021-10-18,RB,1.0,RB2210.SHF,螺纹钢2210,2022-10-20,1,1
10.0,rb2212,2022-12-15,,SHFE,2021-12-16,RB,1.0,RB2212.SHF,螺纹钢2212,2022-12-20,1,1
10.0,rb2301,2023-01-16,,SHFE,2022-01-18,RB,1.0,RB2301.SHF,螺纹钢2301,2023-01-19,1,1
10.0,rb2211,2022-11-15,,SHFE,2021-11-16,RB,1.0,RB2211.SHF,螺纹钢2211,2022-11-18,1,1
10.0,rb0000,2099-01-01,,SHFE,2009-03-27,RB,1.0,RB0000.SHF,螺纹钢指数,2099-01-01,1,1
100.0,j2204,2022-04-18,,DCE,2021-04-16,J,0.5,J2204.DCE,冶金焦炭2204,2022-04-21,5,10
100.0,j2206,2022-06-15,,DCE,2021-06-16,J,0.5,J2206.DCE,冶金焦炭2206,2022-06-20,5,10
100.0,j2205,2022-05-18,,DCE,2021-05-20,J,0.5,J2205.DCE,冶金焦炭2205,2022-05-23,5,10
100.0,j2207,2022-07-14,,DCE,2021-07-15,J,0.5,J2207.DCE,冶金焦炭2207,2022-07-19,5,10
100.0,j2208,2022-08-12,,DCE,2021-08-16,J,0.5,J2208.DCE,冶金焦炭2208,2022-08-17,5,10
100.0,j2209,2022-09-15,,DCE,2021-09-15,J,0.5,J2209.DCE,冶金焦炭2209,2022-09-20,5,10
100.0,j2301,2023-01-17,,DCE,2022-01-18,J,0.5,J2301.DCE,冶金焦炭2301,2023-01-20,5,10
100.0,j2210,2022-10-21,,DCE,2021-10-22,J,0.5,J2210.DCE,冶金焦炭2210,2022-10-26,5,10
100.0,j2211,2022-11-14,,DCE,2021-11-15,J,0.5,J2211.DCE,冶金焦炭2211,2022-11-17,5,10
100.0,j2212,2022-12-14,,DCE,2021-12-15,J,0.5,J2212.DCE,冶金焦炭2212,2022-12-19,5,10
100.0,j0000,2099-01-01,,DCE,2011-04-15,J,0.5,J0000.DCE,冶金焦炭指数,2099-01-01,5,10
5.0,SM204,2022-04-18,,CZCE,2021-04-16,SM,2.0,SM2204.CZC,锰硅204,2022-04-18,2,1
5.0,SM206,2022-06-15,,CZCE,2021-06-16,SM,2.0,SM2206.CZC,锰硅206,2022-06-15,2,1
5.0,SM205,2022-05-18,,CZCE,2021-05-20,SM,2.0,SM2205.CZC,锰硅205,2022-05-18,2,1
5.0,SM207,2022-07-14,,CZCE,2021-07-15,SM,2.0,SM2207.CZC,锰硅207,2022-07-14,2,1
5.0,SM208,2022-08-12,,CZCE,2021-08-16,SM,2.0,SM2208.CZC,锰硅208,2022-08-12,2,1
5.0,SM209,2022-09-15,,CZCE,2021-09-15,SM,2.0,SM2209.CZC,锰硅209,2022-09-15,2,1
5.0,SM301,2023-01-13,,CZCE,2022-01-18,SM,2.0,SM2301.CZC,锰硅301,2023-01-13,2,1
5.0,SM210,2022-10-21,,CZCE,2021-10-22,SM,2.0,SM2210.CZC,锰硅210,2022-10-21,2,1
5.0,SM211,2022-11-14,,CZCE,2021-11-15,SM,2.0,SM2211.CZC,锰硅211,2022-11-14,2,1
5.0,SM212,2022-12-14,,CZCE,2021-12-15,SM,2.0,SM2212.CZC,锰硅212,2022-12-14,2,1
5.0,SM0000,2099-01-01,,CZCE,2014-08-08,SM,2.0,SM0000.CZC,锰硅指数,2099-01-01,2,1
20.0,SA204,2022-04-18,,CZCE,2021-04-16,SA,1.0,SA2204.CZC,纯碱204,2022-04-18,1,1
20.0,SA206,2022-06-15,,CZCE,2021-06-16,SA,1.0,SA2206.CZC,纯碱206,2022-06-15,1,1
20.0,SA205,2022-05-18,,CZCE,2021-05-20,SA,1.0,SA2205.CZC,纯碱205,2022-05-18,1,1
20.0,SA207,2022-07-14,,CZCE,2021-07-15,SA,1.0,SA2207.CZC,纯碱207,2022-07-14,1,1
20.0,SA208,2022-08-12,,CZCE,2021-08-16,SA,1.0,SA2208.CZC,纯碱208,2022-08-12,1,1
20.0,SA209,2022-09-15,,CZCE,2021-09-15,SA,1.0,SA2209.CZC,纯碱209,2022-09-15,1,1
20.0,SA301,2023-01-13,,CZCE,2022-01-18,SA,1.0,SA2301.CZC,纯碱301,2023-01-13,1,1
20.0,SA210,2022-10-21,,CZCE,2021-10-22,SA,1.0,SA2210.CZC,纯碱210,2022-10-21,1,1
20.0,SA211,2022-11-14,,CZCE,2021-11-15,SA,1.0,SA2211.CZC,纯碱211,2022-11-14,1,1
20.0,SA212,2022-12-14,,CZCE,2021-12-15,SA,1.0,SA2212.CZC,纯碱212,2022-12-14,1,1
20.0,SA0000,2099-01-01,,CZCE,2019-12-06,SA,1.0,SA0000.CZC,纯碱指数,2099-01-01,1,1
10.0,hc2205,2022-05-16,,SHFE,2021-05-18,HC,1.0,HC2205.SHF,热轧卷板2205,2022-05-19,1,1
10.0,hc2204,2022-04-15,,SHFE,2021-04-16,HC,1.0,HC2204.SHF,热轧卷板2204,2022-04-20,1,1
10.0,hc2206,2022-06-15,,SHFE,2021-06-16,HC,1.0,HC2206.SHF,热轧卷板2206,2022-06-20,1,1
10.0,hc2207,2022-07-15,,SHFE,2021-07-16,HC,1.0,HC2207.SHF,热轧卷板2207,2022-07-20,1,1
10.0,hc2208,2022-08-15,,SHFE,2021-08-17,HC,1.0,HC2208.SHF,热轧卷板2208,2022-08-18,1,1
10.0,hc2209,2022-09-15,,SHFE,2021-09-16,HC,1.0,HC2209.SHF,热轧卷板2209,2022-09-20,1,1
10.0,hc2210,2022-10-17,,SHFE,2021-10-18,HC,1.0,HC2210.SHF,热轧卷板2210,2022-10-20,1,1
10.0,hc2212,2022-12-15,,SHFE,2021-12-16,HC,1.0,HC2212.SHF,热轧卷板2212,2022-12-20,1,1
10.0,hc2301,2023-01-16,,SHFE,2022-01-18,HC,1.0,HC2301.SHF,热轧卷板2301,2023-01-19,1,1
10.0,hc2211,2022-11-15,,SHFE,2021-11-16,HC,1.0,HC2211.SHF,热轧卷板2211,2022-11-18,1,1
10.0,hc0000,2099-01-01,,SHFE,2014-03-21,HC,1.0,HC0000.SHF,热轧卷板指数,2099-01-01,1,1
5.0,v2204,2022-04-18,,DCE,2021-04-16,V,1.0,V2204.DCE,聚氯乙烯2204,2022-04-21,1,1
5.0,v2206,2022-06-15,,DCE,2021-06-16,V,1.0,V2206.DCE,聚氯乙烯2206,2022-06-20,1,1
5.0,v2205,2022-05-18,,DCE,2021-05-20,V,1.0,V2205.DCE,聚氯乙烯2205,2022-05-23,1,1
5.0,v2207,2022-07-14,,DCE,2021-07-15,V,1.0,V2207.DCE,聚氯乙烯2207,2022-07-19,1,1
5.0,v2208,2022-08-12,,DCE,2021-08-16,V,1.0,V2208.DCE,聚氯乙烯2208,2022-08-17,1,1
5.0,v2209,2022-09-15,,DCE,2021-09-15,V,1.0,V2209.DCE,聚氯乙烯2209,2022-09-20,1,1
5.0,v2301,2023-01-17,,DCE,2022-01-18,V,1.0,V2301.DCE,聚氯乙烯2301,2023-01-20,1,1
5.0,v2210,2022-10-21,,DCE,2021-10-22,V,1.0,V2210.DCE,聚氯乙烯2210,2022-10-26,1,1
5.0,v2211,2022-11-14,,DCE,2021-11-15,V,1.0,V2211.DCE,聚氯乙烯2211,2022-11-17,1,1
5.0,v2212,2022-12-14,,DCE,2021-12-15,V,1.0,V2212.DCE,聚氯乙烯2212,2022-12-19,1,1
5.0,v0000,2099-01-01,,DCE,2009-05-25,V,1.0,V0000.DCE,聚氯乙烯指数,2099-01-01,1,1
50.0,ME0000,2099-01-01,人民币元/吨,CZCE,2011-10-28,ME,1.0,ME0000.CZC,甲醇指数,2015-05-19,1,1
10.0,cs2205,2022-05-18,,DCE,2021-05-20,CS,1.0,CS2205.DCE,玉米淀粉2205,2022-05-23,1,1
10.0,cs2207,2022-07-14,,DCE,2021-07-15,CS,1.0,CS2207.DCE,玉米淀粉2207,2022-07-19,1,1
10.0,cs2209,2022-09-15,,DCE,2021-09-15,CS,1.0,CS2209.DCE,玉米淀粉2209,2022-09-20,1,1
10.0,cs2301,2023-01-17,,DCE,2022-01-18,CS,1.0,CS2301.DCE,玉米淀粉2301,2023-01-20,1,1
10.0,cs2211,2022-11-14,,DCE,2021-11-15,CS,1.0,CS2211.DCE,玉米淀粉2211,2022-11-17,1,1
10.0,cs0000,2099-01-01,,DCE,2014-12-19,CS,1.0,CS0000.DCE,玉米淀粉指数,2099-01-01,1,1
5.0,l2204,2022-04-18,,DCE,2021-04-16,L,1.0,L2204.DCE,线型低密度聚乙烯2204,2022-04-21,1,1
5.0,l2206,2022-06-15,,DCE,2021-06-16,L,1.0,L2206.DCE,线型低密度聚乙烯2206,2022-06-20,1,1
5.0,l2205,2022-05-18,,DCE,2021-05-20,L,1.0,L2205.DCE,线型低密度聚乙烯2205,2022-05-23,1,1
5.0,l2207,2022-07-14,,DCE,2021-07-15,L,1.0,L2207.DCE,线型低密度聚乙烯2207,2022-07-19,1,1
5.0,l2208,2022-08-12,,DCE,2021-08-16,L,1.0,L2208.DCE,线型低密度聚乙烯2208,2022-08-17,1,1
5.0,l2209,2022-09-15,,DCE,2021-09-15,L,1.0,L2209.DCE,线型低密度聚乙烯2209,2022-09-20,1,1
5.0,l2301,2023-01-17,,DCE,2022-01-18,L,1.0,L2301.DCE,线型低密度聚乙烯2301,2023-01-20,1,1
5.0,l2210,2022-10-21,,DCE,2021-10-22,L,1.0,L2210.DCE,线型低密度聚乙烯2210,2022-10-26,1,1
5.0,l2211,2022-11-14,,DCE,2021-11-15,L,1.0,L2211.DCE,线型低密度聚乙烯2211,2022-11-17,1,1
5.0,l2212,2022-12-14,,DCE,2021-12-15,L,1.0,L2212.DCE,线型低密度聚乙烯2212,2022-12-19,1,1
5.0,l0000,2099-01-01,,DCE,2007-07-31,L,1.0,L0000.DCE,线型低密度聚乙烯指数,2099-01-01,1,1
10.0,a2205,2022-05-18,,DCE,2021-05-20,A,1.0,A2205.DCE,黄大豆1号2205,2022-05-23,1,1
10.0,a2207,2022-07-14,,DCE,2021-07-15,A,1.0,A2207.DCE,黄大豆1号2207,2022-07-19,1,1
10.0,a2209,2022-09-15,,DCE,2021-09-15,A,1.0,A2209.DCE,黄大豆1号2209,2022-09-20,1,1
10.0,a2301,2023-01-17,,DCE,2022-01-18,A,1.0,A2301.DCE,黄大豆1号2301,2023-01-20,1,1
10.0,a2211,2022-11-14,,DCE,2021-11-15,A,1.0,A2211.DCE,黄大豆1号2211,2022-11-17,1,1
10.0,a0000,2099-01-01,,DCE,1999-01-04,A,1.0,A0000.DCE,黄大豆1号指数,2099-01-01,1,1
20.0,UR204,2022-04-18,,CZCE,2021-04-16,UR,1.0,UR2204.CZC,尿素204,2022-04-18,1,1
20.0,UR206,2022-06-15,,CZCE,2021-06-16,UR,1.0,UR2206.CZC,尿素206,2022-06-15,1,1
20.0,UR205,2022-05-18,,CZCE,2021-05-20,UR,1.0,UR2205.CZC,尿素205,2022-05-18,1,1
20.0,UR207,2022-07-14,,CZCE,2021-07-15,UR,1.0,UR2207.CZC,尿素207,2022-07-14,1,1
20.0,UR208,2022-08-12,,CZCE,2021-08-16,UR,1.0,UR2208.CZC,尿素208,2022-08-12,1,1
20.0,UR209,2022-09-15,,CZCE,2021-09-15,UR,1.0,UR2209.CZC,尿素209,2022-09-15,1,1
20.0,UR301,2023-01-13,,CZCE,2022-01-18,UR,1.0,UR2301.CZC,尿素301,2023-01-13,1,1
20.0,UR210,2022-10-21,,CZCE,2021-10-22,UR,1.0,UR2210.CZC,尿素210,2022-10-21,1,1
20.0,UR211,2022-11-14,,CZCE,2021-11-15,UR,1.0,UR2211.CZC,尿素211,2022-11-14,1,1
20.0,UR212,2022-12-14,,CZCE,2021-12-15,UR,1.0,UR2212.CZC,尿素212,2022-12-14,1,1
20.0,UR0000,2099-01-01,,CZCE,2019-08-09,UR,1.0,UR0000.CZC,尿素指数,2099-01-01,1,1
10.0,RM205,2022-05-18,,CZCE,2021-05-20,RM,1.0,RM2205.CZC,菜籽粕205,2022-05-18,1,1
10.0,RM207,2022-07-14,,CZCE,2021-07-15,RM,1.0,RM2207.CZC,菜籽粕207,2022-07-14,1,1
10.0,RM208,2022-08-12,,CZCE,2021-08-16,RM,1.0,RM2208.CZC,菜籽粕208,2022-08-12,1,1
10.0,RM209,2022-09-15,,CZCE,2021-09-15,RM,1.0,RM2209.CZC,菜籽粕209,2022-09-15,1,1
10.0,RM301,2023-01-13,,CZCE,2022-01-18,RM,1.0,RM2301.CZC,菜籽粕301,2023-01-13,1,1
10.0,RM211,2022-11-14,,CZCE,2021-11-15,RM,1.0,RM2211.CZC,菜籽粕211,2022-11-14,1,1
10.0,RM0000,2099-01-01,,CZCE,2012-12-28,RM,1.0,RM0000.CZC,菜籽粕指数,2099-01-01,1,1
