,product_code,trading_day,volume,low,close,open_intl,open,high,date,instrument
0,FG,20211110,15033,1637.0,1648.0,60732.0,1654.0,1673.0,2021-11-10 10:00:00,FG2205.CZC
1,FG,20211110,10202,1625.0,1631.0,61478.0,1647.0,1657.0,2021-11-10 11:15:00,FG2205.CZC
2,FG,20211110,10316,1630.0,1664.0,61483.0,1630.0,1672.0,2021-11-10 14:15:00,FG2205.CZC
3,FG,20211110,7519,1659.0,1663.0,60472.0,1665.0,1685.0,2021-11-10 15:00:00,FG2205.CZC
4,FG,20211111,19900,1655.0,1702.0,60837.0,1661.0,1704.0,2021-11-10 22:00:00,FG2205.CZC
5,FG,20211111,12017,1685.0,1690.0,60388.0,1703.0,1713.0,2021-11-10 23:00:00,FG2205.CZC
6,FG,20211111,9641,1676.0,1700.0,60948.0,1688.0,1710.0,2021-11-11 10:00:00,FG2205.CZC
7,FG,20211111,11881,1696.0,1717.0,61280.0,1700.0,1737.0,2021-11-11 11:15:00,FG2205.CZC
8,FG,20211111,21283,1717.0,1788.0,64518.0,1717.0,1790.0,2021-11-11 14:15:00,FG2205.CZC
9,FG,20211111,15157,1768.0,1777.0,64002.0,1788.0,1812.0,2021-11-11 15:00:00,FG2205.CZC
10,FG,20211112,23260,1730.0,1748.0,64936.0,1774.0,1778.0,2021-11-11 22:00:00,FG2205.CZC
11,FG,20211112,9599,1744.0,1755.0,64568.0,1748.0,1773.0,2021-11-11 23:00:00,FG2205.CZC
12,FG,20211112,10829,1755.0,1776.0,65147.0,1757.0,1786.0,2021-11-12 10:00:00,FG2205.CZC
13,FG,20211112,8433,1740.0,1746.0,64646.0,1775.0,1780.0,2021-11-12 11:15:00,FG2205.CZC
14,FG,20211112,16899,1711.0,1769.0,64033.0,1745.0,1771.0,2021-11-12 14:15:00,FG2205.CZC
15,FG,20211112,17171,1762.0,1783.0,64619.0,1770.0,1795.0,2021-11-12 15:00:00,FG2205.CZC
16,FG,20211115,50153,1732.0,1844.0,71322.0,1748.0,1857.0,2021-11-12 22:00:00,FG2205.CZC
17,FG,20211115,16001,1825.0,1831.0,71166.0,1844.0,1854.0,2021-11-12 23:00:00,FG2205.CZC
18,FG,20211115,26843,1810.0,1833.0,70564.0,1830.0,1857.0,2021-11-15 10:00:00,FG2205.CZC
19,FG,20211115,22117,1785.0,1791.0,72697.0,1832.0,1832.0,2021-11-15 11:15:00,FG2205.CZC
20,FG,20211115,20185,1753.0,1775.0,72708.0,1791.0,1792.0,2021-11-15 14:15:00,FG2205.CZC
21,FG,20211115,7677,1755.0,1756.0,72017.0,1775.0,1786.0,2021-11-15 15:00:00,FG2205.CZC
22,FG,20211116,29630,1777.0,1812.0,74711.0,1782.0,1825.0,2021-11-15 22:00:00,FG2205.CZC
23,FG,20211116,12312,1788.0,1799.0,75137.0,1812.0,1814.0,2021-11-15 23:00:00,FG2205.CZC
24,FG,20211116,14018,1777.0,1810.0,76627.0,1798.0,1813.0,2021-11-16 10:00:00,FG2205.CZC
25,FG,20211116,11723,1801.0,1808.0,75964.0,1810.0,1826.0,2021-11-16 11:15:00,FG2205.CZC
26,FG,20211116,15893,1769.0,1782.0,77070.0,1808.0,1810.0,2021-11-16 14:15:00,FG2205.CZC
27,FG,20211116,7633,1760.0,1768.0,76906.0,1782.0,1786.0,2021-11-16 15:00:00,FG2205.CZC
28,FG,20211117,42496,1696.0,1712.0,80147.0,1768.0,1789.0,2021-11-16 22:00:00,FG2205.CZC
29,FG,20211117,16186,1677.0,1695.0,80677.0,1711.0,1712.0,2021-11-16 23:00:00,FG2205.CZC
30,FG,20211117,13234,1694.0,1711.0,79081.0,1695.0,1726.0,2021-11-17 10:00:00,FG2205.CZC
31,FG,20211117,12571,1704.0,1726.0,78499.0,1712.0,1746.0,2021-11-17 11:15:00,FG2205.CZC
32,FG,20211117,13835,1683.0,1697.0,79054.0,1726.0,1730.0,2021-11-17 14:15:00,FG2205.CZC
33,FG,20211117,8970,1688.0,1710.0,78402.0,1698.0,1711.0,2021-11-17 15:00:00,FG2205.CZC
34,FG,20211118,23623,1695.0,1700.0,75842.0,1730.0,1732.0,2021-11-17 22:00:00,FG2205.CZC
35,FG,20211118,11746,1681.0,1692.0,75484.0,1699.0,1705.0,2021-11-17 23:00:00,FG2205.CZC
36,FG,20211118,16724,1670.0,1671.0,77406.0,1691.0,1704.0,2021-11-18 10:00:00,FG2205.CZC
37,FG,20211118,15947,1659.0,1681.0,76828.0,1670.0,1684.0,2021-11-18 11:15:00,FG2205.CZC
38,FG,20211118,8610,1674.0,1683.0,76523.0,1682.0,1691.0,2021-11-18 14:15:00,FG2205.CZC
39,FG,20211118,6577,1676.0,1681.0,75697.0,1684.0,1695.0,2021-11-18 15:00:00,FG2205.CZC
40,FG,20211119,12905,1666.0,1681.0,76310.0,1671.0,1691.0,2021-11-18 22:00:00,FG2205.CZC
41,FG,20211119,6020,1669.0,1675.0,76425.0,1680.0,1684.0,2021-11-18 23:00:00,FG2205.CZC
42,FG,20211119,13383,1676.0,1700.0,75736.0,1677.0,1706.0,2021-11-19 10:00:00,FG2205.CZC
43,FG,20211119,13811,1701.0,1728.0,73459.0,1702.0,1737.0,2021-11-19 11:15:00,FG2205.CZC
44,FG,20211119,12370,1702.0,1739.0,73300.0,1728.0,1744.0,2021-11-19 14:15:00,FG2205.CZC
45,FG,20211119,14212,1729.0,1735.0,73662.0,1739.0,1749.0,2021-11-19 15:00:00,FG2205.CZC
46,FG,20211122,19112,1717.0,1760.0,72747.0,1720.0,1767.0,2021-11-19 22:00:00,FG2205.CZC
47,FG,20211122,18204,1758.0,1770.0,69878.0,1760.0,1788.0,2021-11-19 23:00:00,FG2205.CZC
48,FG,20211122,22930,1743.0,1748.0,70353.0,1770.0,1784.0,2021-11-22 10:00:00,FG2205.CZC
49,FG,20211122,7173,1740.0,1756.0,70710.0,1750.0,1759.0,2021-11-22 11:15:00,FG2205.CZC
50,FG,20211122,7469,1751.0,1769.0,71431.0,1756.0,1770.0,2021-11-22 14:15:00,FG2205.CZC
51,FG,20211122,4269,1758.0,1762.0,71357.0,1769.0,1770.0,2021-11-22 15:00:00,FG2205.CZC
52,FG,20211123,12864,1747.0,1760.0,71668.0,1762.0,1778.0,2021-11-22 22:00:00,FG2205.CZC
53,FG,20211123,6921,1753.0,1759.0,71564.0,1759.0,1769.0,2021-11-22 23:00:00,FG2205.CZC
54,FG,20211123,9191,1745.0,1758.0,72130.0,1759.0,1762.0,2021-11-23 10:00:00,FG2205.CZC
55,FG,20211123,15597,1757.0,1768.0,72557.0,1758.0,1785.0,2021-11-23 11:15:00,FG2205.CZC
56,FG,20211123,17579,1763.0,1772.0,71124.0,1768.0,1795.0,2021-11-23 14:15:00,FG2205.CZC
57,FG,20211123,9820,1740.0,1740.0,71602.0,1773.0,1775.0,2021-11-23 15:00:00,FG2205.CZC
58,FG,20211124,20507,1728.0,1748.0,70809.0,1738.0,1762.0,2021-11-23 22:00:00,FG2205.CZC
59,FG,20211124,8060,1744.0,1756.0,71069.0,1747.0,1760.0,2021-11-23 23:00:00,FG2205.CZC
60,FG,20211124,20976,1756.0,1783.0,73900.0,1756.0,1793.0,2021-11-24 10:00:00,FG2205.CZC
61,FG,20211124,10620,1773.0,1777.0,73970.0,1783.0,1795.0,2021-11-24 11:15:00,FG2205.CZC
62,FG,20211124,18963,1771.0,1810.0,73536.0,1777.0,1818.0,2021-11-24 14:15:00,FG2205.CZC
63,FG,20211124,10875,1796.0,1812.0,72819.0,1811.0,1822.0,2021-11-24 15:00:00,FG2205.CZC
64,FG,20211125,21453,1809.0,1832.0,74631.0,1820.0,1834.0,2021-11-24 22:00:00,FG2205.CZC
65,FG,20211125,11699,1816.0,1818.0,77751.0,1833.0,1835.0,2021-11-24 23:00:00,FG2205.CZC
66,FG,20211125,18981,1805.0,1813.0,78391.0,1819.0,1844.0,2021-11-25 10:00:00,FG2205.CZC
67,FG,20211125,7462,1809.0,1829.0,78874.0,1812.0,1830.0,2021-11-25 11:15:00,FG2205.CZC
68,FG,20211125,8479,1808.0,1827.0,79747.0,1830.0,1830.0,2021-11-25 14:15:00,FG2205.CZC
69,FG,20211125,5781,1817.0,1826.0,79751.0,1828.0,1830.0,2021-11-25 15:00:00,FG2205.CZC
70,FG,20211126,28944,1782.0,1795.0,80283.0,1820.0,1826.0,2021-11-25 22:00:00,FG2205.CZC
71,FG,20211126,13104,1790.0,1803.0,82313.0,1795.0,1815.0,2021-11-25 23:00:00,FG2205.CZC
72,FG,20211126,19943,1792.0,1820.0,84472.0,1803.0,1829.0,2021-11-26 10:00:00,FG2205.CZC
73,FG,20211126,10419,1806.0,1815.0,85512.0,1822.0,1824.0,2021-11-26 11:15:00,FG2205.CZC
74,FG,20211126,16044,1795.0,1796.0,85684.0,1815.0,1821.0,2021-11-26 14:15:00,FG2205.CZC
75,FG,20211126,11651,1791.0,1800.0,86734.0,1795.0,1810.0,2021-11-26 15:00:00,FG2205.CZC
76,FG,20211129,47256,1770.0,1843.0,89263.0,1780.0,1852.0,2021-11-26 22:00:00,FG2205.CZC
77,FG,20211129,13842,1828.0,1842.0,87533.0,1844.0,1846.0,2021-11-26 23:00:00,FG2205.CZC
78,FG,20211129,35146,1843.0,1873.0,88737.0,1843.0,1885.0,2021-11-29 10:00:00,FG2205.CZC
79,FG,20211129,12614,1869.0,1882.0,89937.0,1873.0,1884.0,2021-11-29 11:15:00,FG2205.CZC
80,FG,20211129,14780,1864.0,1875.0,89406.0,1882.0,1892.0,2021-11-29 14:15:00,FG2205.CZC
81,FG,20211129,8353,1863.0,1871.0,89386.0,1875.0,1878.0,2021-11-29 15:00:00,FG2205.CZC
82,FG,20211130,31780,1875.0,1913.0,94088.0,1875.0,1913.0,2021-11-29 22:00:00,FG2205.CZC
83,FG,20211130,18208,1883.0,1889.0,93983.0,1912.0,1913.0,2021-11-29 23:00:00,FG2205.CZC
84,FG,20211130,33456,1839.0,1852.0,95497.0,1889.0,1896.0,2021-11-30 10:00:00,FG2205.CZC
85,FG,20211130,12885,1841.0,1841.0,96898.0,1852.0,1861.0,2021-11-30 11:15:00,FG2205.CZC
86,FG,20211130,27228,1822.0,1841.0,97252.0,1840.0,1854.0,2021-11-30 14:15:00,FG2205.CZC
87,FG,20211130,13997,1838.0,1839.0,97135.0,1840.0,1860.0,2021-11-30 15:00:00,FG2205.CZC
88,FG,20211201,30331,1839.0,1876.0,98776.0,1839.0,1880.0,2021-11-30 22:00:00,FG2205.CZC
89,FG,20211201,13865,1864.0,1870.0,98342.0,1877.0,1882.0,2021-11-30 23:00:00,FG2205.CZC
90,FG,20211201,22060,1858.0,1869.0,101340.0,1870.0,1884.0,2021-12-01 10:00:00,FG2205.CZC
91,FG,20211201,17596,1866.0,1888.0,102650.0,1870.0,1890.0,2021-12-01 11:15:00,FG2205.CZC
92,FG,20211201,37885,1882.0,1894.0,103331.0,1889.0,1926.0,2021-12-01 14:15:00,FG2205.CZC
93,FG,20211201,18285,1894.0,1917.0,102894.0,1894.0,1921.0,2021-12-01 15:00:00,FG2205.CZC
94,FG,20211202,39331,1890.0,1900.0,105814.0,1920.0,1929.0,2021-12-01 22:00:00,FG2205.CZC
95,FG,20211202,19255,1884.0,1892.0,105828.0,1900.0,1902.0,2021-12-01 23:00:00,FG2205.CZC
96,FG,20211202,27230,1885.0,1900.0,111237.0,1890.0,1910.0,2021-12-02 10:00:00,FG2205.CZC
97,FG,20211202,20296,1895.0,1909.0,110413.0,1900.0,1918.0,2021-12-02 11:15:00,FG2205.CZC
98,FG,20211202,34691,1907.0,1929.0,111737.0,1909.0,1946.0,2021-12-02 14:15:00,FG2205.CZC
99,FG,20211202,17776,1910.0,1914.0,110335.0,1930.0,1942.0,2021-12-02 15:00:00,FG2205.CZC
100,FG,20211203,35879,1915.0,1930.0,113040.0,1927.0,1942.0,2021-12-02 22:00:00,FG2205.CZC
101,FG,20211203,26171,1919.0,1943.0,111384.0,1930.0,1948.0,2021-12-02 23:00:00,FG2205.CZC
102,FG,20211203,26450,1945.0,1957.0,112925.0,1947.0,1962.0,2021-12-03 10:00:00,FG2205.CZC
103,FG,20211203,24811,1935.0,1943.0,112092.0,1957.0,1960.0,2021-12-03 11:15:00,FG2205.CZC
104,FG,20211203,31823,1921.0,1943.0,112106.0,1943.0,1957.0,2021-12-03 14:15:00,FG2205.CZC
105,FG,20211203,11200,1934.0,1943.0,110910.0,1943.0,1949.0,2021-12-03 15:00:00,FG2205.CZC
106,FG,20211206,34787,1925.0,1929.0,113361.0,1955.0,1967.0,2021-12-03 22:00:00,FG2205.CZC
107,FG,20211206,24138,1918.0,1932.0,112522.0,1929.0,1943.0,2021-12-03 23:00:00,FG2205.CZC
108,FG,20211206,42488,1905.0,1915.0,117415.0,1933.0,1959.0,2021-12-06 10:00:00,FG2205.CZC
109,FG,20211206,18698,1906.0,1922.0,118262.0,1915.0,1930.0,2021-12-06 11:15:00,FG2205.CZC
110,FG,20211206,15605,1913.0,1921.0,119850.0,1922.0,1930.0,2021-12-06 14:15:00,FG2205.CZC
111,FG,20211206,11044,1908.0,1921.0,119032.0,1920.0,1925.0,2021-12-06 15:00:00,FG2205.CZC
112,FG,20211207,50242,1896.0,1924.0,124522.0,1933.0,1937.0,2021-12-06 22:00:00,FG2205.CZC
113,FG,20211207,20343,1907.0,1925.0,124361.0,1925.0,1926.0,2021-12-06 23:00:00,FG2205.CZC
114,FG,20211207,31647,1926.0,1939.0,127993.0,1926.0,1948.0,2021-12-07 10:00:00,FG2205.CZC
115,FG,20211207,47603,1888.0,1910.0,129586.0,1939.0,1942.0,2021-12-07 11:15:00,FG2205.CZC
116,FG,20211207,24966,1899.0,1903.0,128437.0,1910.0,1918.0,2021-12-07 14:15:00,FG2205.CZC
117,FG,20211207,20857,1888.0,1892.0,129135.0,1903.0,1914.0,2021-12-07 15:00:00,FG2205.CZC
118,FG,20211208,65408,1862.0,1878.0,133758.0,1888.0,1903.0,2021-12-07 22:00:00,FG2205.CZC
119,FG,20211208,21279,1848.0,1855.0,132148.0,1877.0,1882.0,2021-12-07 23:00:00,FG2205.CZC
120,FG,20211208,40307,1836.0,1850.0,130790.0,1855.0,1865.0,2021-12-08 10:00:00,FG2205.CZC
121,FG,20211208,87830,1775.0,1794.0,132417.0,1850.0,1859.0,2021-12-08 11:15:00,FG2205.CZC
122,FG,20211208,71969,1791.0,1818.0,135282.0,1793.0,1833.0,2021-12-08 14:15:00,FG2205.CZC
123,FG,20211208,25448,1808.0,1819.0,132849.0,1818.0,1822.0,2021-12-08 15:00:00,FG2205.CZC
124,FG,20211209,89342,1802.0,1834.0,137167.0,1831.0,1853.0,2021-12-08 22:00:00,FG2205.CZC
125,FG,20211209,28514,1822.0,1828.0,136305.0,1834.0,1842.0,2021-12-08 23:00:00,FG2205.CZC
126,FG,20211209,34883,1805.0,1824.0,137741.0,1830.0,1831.0,2021-12-09 10:00:00,FG2205.CZC
127,FG,20211209,29002,1816.0,1839.0,137764.0,1824.0,1840.0,2021-12-09 11:15:00,FG2205.CZC
128,FG,20211209,41845,1805.0,1810.0,141782.0,1838.0,1842.0,2021-12-09 14:15:00,FG2205.CZC
129,FG,20211209,27984,1801.0,1821.0,139400.0,1811.0,1822.0,2021-12-09 15:00:00,FG2205.CZC
130,FG,20211210,103154,1814.0,1838.0,156086.0,1830.0,1853.0,2021-12-09 22:00:00,FG2205.CZC
131,FG,20211210,42453,1833.0,1845.0,155716.0,1838.0,1852.0,2021-12-09 23:00:00,FG2205.CZC
132,FG,20211210,77503,1810.0,1817.0,160367.0,1845.0,1858.0,2021-12-10 10:00:00,FG2205.CZC
133,FG,20211210,51981,1803.0,1808.0,161882.0,1816.0,1825.0,2021-12-10 11:15:00,FG2205.CZC
134,FG,20211210,84180,1764.0,1768.0,168982.0,1808.0,1811.0,2021-12-10 14:15:00,FG2205.CZC
135,FG,20211210,77611,1757.0,1779.0,164219.0,1769.0,1788.0,2021-12-10 15:00:00,FG2205.CZC
136,FG,20211213,98066,1752.0,1786.0,172921.0,1777.0,1791.0,2021-12-10 22:00:00,FG2205.CZC
137,FG,20211213,37546,1778.0,1785.0,168484.0,1786.0,1793.0,2021-12-10 23:00:00,FG2205.CZC
138,FG,20211213,64923,1774.0,1796.0,171346.0,1786.0,1805.0,2021-12-13 10:00:00,FG2205.CZC
139,FG,20211213,52729,1791.0,1815.0,171534.0,1796.0,1820.0,2021-12-13 11:15:00,FG2205.CZC
140,FG,20211213,78107,1813.0,1840.0,169561.0,1815.0,1850.0,2021-12-13 14:15:00,FG2205.CZC
141,FG,20211213,33415,1825.0,1829.0,167336.0,1841.0,1842.0,2021-12-13 15:00:00,FG2205.CZC
142,FG,20211214,81286,1822.0,1824.0,174447.0,1829.0,1842.0,2021-12-13 22:00:00,FG2205.CZC
143,FG,20211214,45241,1813.0,1820.0,174411.0,1824.0,1828.0,2021-12-13 23:00:00,FG2205.CZC
144,FG,20211214,57150,1809.0,1831.0,174801.0,1820.0,1836.0,2021-12-14 10:00:00,FG2205.CZC
145,FG,20211214,37483,1828.0,1831.0,173853.0,1832.0,1841.0,2021-12-14 11:15:00,FG2205.CZC
146,FG,20211214,50816,1831.0,1839.0,174767.0,1832.0,1848.0,2021-12-14 14:15:00,FG2205.CZC
147,FG,20211214,31507,1829.0,1837.0,173059.0,1839.0,1845.0,2021-12-14 15:00:00,FG2205.CZC
148,FG,20211215,136706,1797.0,1806.0,184006.0,1831.0,1843.0,2021-12-14 22:00:00,FG2205.CZC
149,FG,20211215,47149,1802.0,1813.0,178289.0,1805.0,1821.0,2021-12-14 23:00:00,FG2205.CZC
150,FG,20211215,60703,1785.0,1796.0,185800.0,1813.0,1815.0,2021-12-15 10:00:00,FG2205.CZC
151,FG,20211215,57556,1794.0,1807.0,182265.0,1796.0,1817.0,2021-12-15 11:15:00,FG2205.CZC
152,FG,20211215,37002,1790.0,1801.0,183080.0,1807.0,1808.0,2021-12-15 14:15:00,FG2205.CZC
153,FG,20211215,47217,1775.0,1783.0,184438.0,1802.0,1806.0,2021-12-15 15:00:00,FG2205.CZC
154,FG,20211216,93827,1768.0,1803.0,185512.0,1783.0,1806.0,2021-12-15 22:00:00,FG2205.CZC
155,FG,20211216,46172,1794.0,1802.0,184978.0,1804.0,1810.0,2021-12-15 23:00:00,FG2205.CZC
156,FG,20211216,66860,1787.0,1792.0,190871.0,1804.0,1817.0,2021-12-16 10:00:00,FG2205.CZC
157,FG,20211216,37560,1785.0,1798.0,191336.0,1793.0,1805.0,2021-12-16 11:15:00,FG2205.CZC
158,FG,20211216,35077,1786.0,1794.0,193600.0,1798.0,1799.0,2021-12-16 14:15:00,FG2205.CZC
159,FG,20211216,68926,1792.0,1808.0,187511.0,1794.0,1821.0,2021-12-16 15:00:00,FG2205.CZC
160,FG,20211217,87682,1804.0,1824.0,191992.0,1807.0,1830.0,2021-12-16 22:00:00,FG2205.CZC
161,FG,20211217,38129,1819.0,1820.0,189673.0,1825.0,1832.0,2021-12-16 23:00:00,FG2205.CZC
162,FG,20211217,92804,1813.0,1821.0,193424.0,1819.0,1848.0,2021-12-17 10:00:00,FG2205.CZC
163,FG,20211217,54251,1803.0,1812.0,194711.0,1821.0,1822.0,2021-12-17 11:15:00,FG2205.CZC
164,FG,20211217,47337,1805.0,1826.0,193710.0,1813.0,1830.0,2021-12-17 14:15:00,FG2205.CZC
165,FG,20211217,46633,1821.0,1825.0,189862.0,1826.0,1836.0,2021-12-17 15:00:00,FG2205.CZC
166,FG,20211220,154828,1829.0,1869.0,197940.0,1832.0,1874.0,2021-12-17 22:00:00,FG2205.CZC
167,FG,20211220,72607,1869.0,1877.0,192977.0,1869.0,1885.0,2021-12-17 23:00:00,FG2205.CZC
168,FG,20211220,138997,1809.0,1811.0,200472.0,1875.0,1875.0,2021-12-20 10:00:00,FG2205.CZC
169,FG,20211220,64636,1803.0,1815.0,210915.0,1811.0,1820.0,2021-12-20 11:15:00,FG2205.CZC
170,FG,20211220,106160,1770.0,1781.0,210623.0,1814.0,1815.0,2021-12-20 14:15:00,FG2205.CZC
171,FG,20211220,52756,1779.0,1781.0,202048.0,1782.0,1800.0,2021-12-20 15:00:00,FG2205.CZC
172,FG,20211221,113021,1761.0,1809.0,205658.0,1781.0,1814.0,2021-12-20 22:00:00,FG2205.CZC
173,FG,20211221,46192,1792.0,1798.0,200875.0,1810.0,1812.0,2021-12-20 23:00:00,FG2205.CZC
174,FG,20211221,56150,1783.0,1800.0,203983.0,1798.0,1805.0,2021-12-21 10:00:00,FG2205.CZC
175,FG,20211221,48419,1792.0,1801.0,203368.0,1801.0,1815.0,2021-12-21 11:15:00,FG2205.CZC
176,FG,20211221,34036,1797.0,1808.0,204076.0,1801.0,1813.0,2021-12-21 14:15:00,FG2205.CZC
177,FG,20211221,71309,1808.0,1827.0,194325.0,1809.0,1832.0,2021-12-21 15:00:00,FG2205.CZC
178,FG,20211222,81886,1814.0,1818.0,203922.0,1834.0,1840.0,2021-12-21 22:00:00,FG2205.CZC
179,FG,20211222,57514,1817.0,1833.0,198357.0,1818.0,1840.0,2021-12-21 23:00:00,FG2205.CZC
180,FG,20211222,49976,1822.0,1823.0,202132.0,1835.0,1843.0,2021-12-22 10:00:00,FG2205.CZC
181,FG,20211222,61342,1804.0,1813.0,204102.0,1823.0,1827.0,2021-12-22 11:15:00,FG2205.CZC
182,FG,20211222,38590,1801.0,1812.0,203778.0,1812.0,1819.0,2021-12-22 14:15:00,FG2205.CZC
183,FG,20211222,47006,1793.0,1796.0,206633.0,1812.0,1812.0,2021-12-22 15:00:00,FG2205.CZC
184,FG,20211223,81830,1790.0,1795.0,212187.0,1804.0,1811.0,2021-12-22 22:00:00,FG2205.CZC
185,FG,20211223,31629,1791.0,1799.0,210064.0,1795.0,1804.0,2021-12-22 23:00:00,FG2205.CZC
186,FG,20211223,63990,1800.0,1822.0,206345.0,1800.0,1825.0,2021-12-23 10:00:00,FG2205.CZC
187,FG,20211223,35080,1811.0,1817.0,205622.0,1822.0,1827.0,2021-12-23 11:15:00,FG2205.CZC
188,FG,20211223,33505,1810.0,1817.0,207214.0,1818.0,1824.0,2021-12-23 14:15:00,FG2205.CZC
189,FG,20211223,58842,1795.0,1803.0,207376.0,1818.0,1821.0,2021-12-23 15:00:00,FG2205.CZC
190,FG,20211224,111881,1779.0,1796.0,220438.0,1798.0,1806.0,2021-12-23 22:00:00,FG2205.CZC
191,FG,20211224,34302,1792.0,1801.0,218589.0,1796.0,1805.0,2021-12-23 23:00:00,FG2205.CZC
192,FG,20211224,58568,1785.0,1787.0,227250.0,1801.0,1805.0,2021-12-24 10:00:00,FG2205.CZC
193,FG,20211224,196798,1724.0,1739.0,260215.0,1787.0,1788.0,2021-12-24 11:15:00,FG2205.CZC
194,FG,20211224,78774,1736.0,1745.0,259345.0,1740.0,1757.0,2021-12-24 14:15:00,FG2205.CZC
195,FG,20211224,42392,1740.0,1751.0,252945.0,1744.0,1753.0,2021-12-24 15:00:00,FG2205.CZC
196,FG,20211227,113543,1725.0,1745.0,258400.0,1747.0,1755.0,2021-12-24 22:00:00,FG2205.CZC
197,FG,20211227,39610,1738.0,1743.0,255589.0,1745.0,1752.0,2021-12-24 23:00:00,FG2205.CZC
198,FG,20211227,123866,1722.0,1750.0,245251.0,1743.0,1765.0,2021-12-27 10:00:00,FG2205.CZC
199,FG,20211227,29483,1749.0,1758.0,243788.0,1750.0,1762.0,2021-12-27 11:15:00,FG2205.CZC
200,FG,20211227,38582,1747.0,1756.0,243275.0,1758.0,1763.0,2021-12-27 14:15:00,FG2205.CZC
201,FG,20211227,65379,1754.0,1777.0,230968.0,1756.0,1778.0,2021-12-27 15:00:00,FG2205.CZC
202,FG,20211228,62398,1757.0,1758.0,236223.0,1778.0,1778.0,2021-12-27 22:00:00,FG2205.CZC
203,FG,20211228,43897,1747.0,1747.0,235974.0,1759.0,1762.0,2021-12-27 23:00:00,FG2205.CZC
204,FG,20211228,55626,1746.0,1772.0,232106.0,1746.0,1772.0,2021-12-28 10:00:00,FG2205.CZC
205,FG,20211228,66564,1740.0,1741.0,236784.0,1772.0,1774.0,2021-12-28 11:15:00,FG2205.CZC
206,FG,20211228,58540,1731.0,1734.0,242901.0,1740.0,1749.0,2021-12-28 14:15:00,FG2205.CZC
207,FG,20211228,36753,1731.0,1747.0,239041.0,1734.0,1749.0,2021-12-28 15:00:00,FG2205.CZC
208,FG,20211229,61051,1740.0,1750.0,243604.0,1746.0,1755.0,2021-12-28 22:00:00,FG2205.CZC
209,FG,20211229,36085,1743.0,1753.0,240498.0,1750.0,1757.0,2021-12-28 23:00:00,FG2205.CZC
210,FG,20211229,44511,1749.0,1760.0,238710.0,1752.0,1766.0,2021-12-29 10:00:00,FG2205.CZC
211,FG,20211229,44218,1740.0,1741.0,241445.0,1760.0,1763.0,2021-12-29 11:15:00,FG2205.CZC
212,FG,20211229,37573,1739.0,1753.0,241092.0,1742.0,1760.0,2021-12-29 14:15:00,FG2205.CZC
213,FG,20211229,35533,1752.0,1759.0,236685.0,1753.0,1765.0,2021-12-29 15:00:00,FG2205.CZC
214,FG,20211230,71091,1747.0,1749.0,239553.0,1759.0,1774.0,2021-12-29 22:00:00,FG2205.CZC
215,FG,20211230,36468,1744.0,1756.0,236451.0,1749.0,1758.0,2021-12-29 23:00:00,FG2205.CZC
216,FG,20211230,70064,1727.0,1738.0,246812.0,1757.0,1757.0,2021-12-30 10:00:00,FG2205.CZC
217,FG,20211230,29934,1736.0,1747.0,245951.0,1738.0,1748.0,2021-12-30 11:15:00,FG2205.CZC
218,FG,20211230,47594,1728.0,1741.0,251307.0,1748.0,1749.0,2021-12-30 14:15:00,FG2205.CZC
219,FG,20211230,21784,1733.0,1735.0,248953.0,1741.0,1742.0,2021-12-30 15:00:00,FG2205.CZC
220,FG,20211231,103792,1708.0,1718.0,259329.0,1735.0,1742.0,2021-12-30 22:00:00,FG2205.CZC
221,FG,20211231,31156,1716.0,1718.0,256174.0,1718.0,1726.0,2021-12-30 23:00:00,FG2205.CZC
222,FG,20211231,58074,1703.0,1705.0,265429.0,1717.0,1720.0,2021-12-31 10:00:00,FG2205.CZC
223,FG,20211231,94904,1684.0,1710.0,264493.0,1706.0,1713.0,2021-12-31 11:15:00,FG2205.CZC
224,FG,20211231,34198,1703.0,1713.0,260878.0,1711.0,1716.0,2021-12-31 14:15:00,FG2205.CZC
225,FG,20211231,44774,1702.0,1705.0,249186.0,1713.0,1722.0,2021-12-31 15:00:00,FG2205.CZC
226,FG,20220104,90077,1692.0,1711.0,265247.0,1700.0,1718.0,2022-01-04 10:00:00,FG2205.CZC
227,FG,20220104,49044,1708.0,1716.0,263480.0,1710.0,1725.0,2022-01-04 11:15:00,FG2205.CZC
228,FG,20220104,43451,1699.0,1702.0,269152.0,1717.0,1717.0,2022-01-04 14:15:00,FG2205.CZC
229,FG,20220104,27847,1697.0,1703.0,270912.0,1703.0,1706.0,2022-01-04 15:00:00,FG2205.CZC
230,FG,20220105,59044,1702.0,1710.0,277481.0,1703.0,1715.0,2022-01-04 22:00:00,FG2205.CZC
231,FG,20220105,43804,1708.0,1717.0,271701.0,1710.0,1722.0,2022-01-04 23:00:00,FG2205.CZC
232,FG,20220105,64560,1717.0,1735.0,265789.0,1717.0,1740.0,2022-01-05 10:00:00,FG2205.CZC
233,FG,20220105,37532,1728.0,1736.0,263343.0,1735.0,1743.0,2022-01-05 11:15:00,FG2205.CZC
234,FG,20220105,32423,1728.0,1736.0,263216.0,1736.0,1741.0,2022-01-05 14:15:00,FG2205.CZC
235,FG,20220105,19372,1731.0,1733.0,258394.0,1737.0,1737.0,2022-01-05 15:00:00,FG2205.CZC
236,FG,20220106,79131,1731.0,1754.0,260390.0,1733.0,1755.0,2022-01-05 22:00:00,FG2205.CZC
237,FG,20220106,30859,1747.0,1752.0,258047.0,1754.0,1757.0,2022-01-05 23:00:00,FG2205.CZC
238,FG,20220106,41170,1741.0,1748.0,255388.0,1752.0,1753.0,2022-01-06 10:00:00,FG2205.CZC
239,FG,20220106,74387,1748.0,1774.0,249248.0,1748.0,1781.0,2022-01-06 11:15:00,FG2205.CZC
240,FG,20220106,78540,1772.0,1793.0,249595.0,1774.0,1797.0,2022-01-06 14:15:00,FG2205.CZC
241,FG,20220106,62649,1788.0,1806.0,242124.0,1792.0,1811.0,2022-01-06 15:00:00,FG2205.CZC
242,FG,20220107,103544,1805.0,1815.0,239215.0,1806.0,1829.0,2022-01-06 22:00:00,FG2205.CZC
243,FG,20220107,42570,1811.0,1813.0,235548.0,1816.0,1825.0,2022-01-06 23:00:00,FG2205.CZC
244,FG,20220107,66525,1812.0,1832.0,237622.0,1813.0,1838.0,2022-01-07 10:00:00,FG2205.CZC
245,FG,20220107,41308,1824.0,1836.0,236214.0,1831.0,1845.0,2022-01-07 11:15:00,FG2205.CZC
246,FG,20220107,37204,1837.0,1845.0,239335.0,1837.0,1849.0,2022-01-07 14:15:00,FG2205.CZC
247,FG,20220107,65741,1827.0,1854.0,231007.0,1846.0,1855.0,2022-01-07 15:00:00,FG2205.CZC
248,FG,20220110,169875,1858.0,1907.0,249736.0,1858.0,1911.0,2022-01-07 22:00:00,FG2205.CZC
249,FG,20220110,67091,1893.0,1909.0,243184.0,1907.0,1914.0,2022-01-07 23:00:00,FG2205.CZC
250,FG,20220110,90684,1881.0,1886.0,236906.0,1909.0,1909.0,2022-01-10 10:00:00,FG2205.CZC
251,FG,20220110,57683,1874.0,1887.0,234301.0,1886.0,1901.0,2022-01-10 11:15:00,FG2205.CZC
252,FG,20220110,50573,1870.0,1880.0,233728.0,1887.0,1891.0,2022-01-10 14:15:00,FG2205.CZC
253,FG,20220110,43298,1874.0,1894.0,231187.0,1879.0,1896.0,2022-01-10 15:00:00,FG2205.CZC
254,FG,20220111,95731,1879.0,1889.0,242813.0,1886.0,1904.0,2022-01-10 22:00:00,FG2205.CZC
255,FG,20220111,36445,1885.0,1888.0,241403.0,1890.0,1896.0,2022-01-10 23:00:00,FG2205.CZC
256,FG,20220111,87943,1886.0,1927.0,247799.0,1887.0,1933.0,2022-01-11 10:00:00,FG2205.CZC
257,FG,20220111,67363,1921.0,1943.0,249569.0,1927.0,1943.0,2022-01-11 11:15:00,FG2205.CZC
258,FG,20220111,78240,1922.0,1931.0,248763.0,1942.0,1951.0,2022-01-11 14:15:00,FG2205.CZC
259,FG,20220111,54011,1917.0,1923.0,243590.0,1930.0,1940.0,2022-01-11 15:00:00,FG2205.CZC
260,FG,20220112,73250,1915.0,1928.0,257282.0,1922.0,1936.0,2022-01-11 22:00:00,FG2205.CZC
261,FG,20220112,43992,1916.0,1923.0,255253.0,1929.0,1938.0,2022-01-11 23:00:00,FG2205.CZC
262,FG,20220112,63827,1908.0,1931.0,257146.0,1925.0,1935.0,2022-01-12 10:00:00,FG2205.CZC
263,FG,20220112,36361,1930.0,1939.0,257353.0,1932.0,1945.0,2022-01-12 11:15:00,FG2205.CZC
264,FG,20220112,38729,1931.0,1942.0,258585.0,1940.0,1947.0,2022-01-12 14:15:00,FG2205.CZC
265,FG,20220112,62085,1940.0,1964.0,262069.0,1943.0,1966.0,2022-01-12 15:00:00,FG2205.CZC
266,FG,20220113,146560,1969.0,2000.0,272346.0,1972.0,2006.0,2022-01-12 22:00:00,FG2205.CZC
267,FG,20220113,104186,1981.0,2002.0,261647.0,1999.0,2016.0,2022-01-12 23:00:00,FG2205.CZC
268,FG,20220113,56277,1987.0,1988.0,264731.0,2002.0,2009.0,2022-01-13 10:00:00,FG2205.CZC
269,FG,20220113,54774,1981.0,1991.0,264101.0,1987.0,2002.0,2022-01-13 11:15:00,FG2205.CZC
270,FG,20220113,116731,1951.0,1956.0,261988.0,1992.0,1992.0,2022-01-13 14:15:00,FG2205.CZC
271,FG,20220113,64966,1937.0,1942.0,258441.0,1956.0,1964.0,2022-01-13 15:00:00,FG2205.CZC
272,FG,20220114,237191,1950.0,2028.0,278770.0,1950.0,2035.0,2022-01-13 22:00:00,FG2205.CZC
273,FG,20220114,107048,2025.0,2042.0,274711.0,2027.0,2051.0,2022-01-13 23:00:00,FG2205.CZC
274,FG,20220114,76720,2026.0,2038.0,274641.0,2041.0,2047.0,2022-01-14 10:00:00,FG2205.CZC
275,FG,20220114,58144,2034.0,2048.0,277425.0,2039.0,2058.0,2022-01-14 11:15:00,FG2205.CZC
276,FG,20220114,64252,2034.0,2058.0,276816.0,2048.0,2064.0,2022-01-14 14:15:00,FG2205.CZC
277,FG,20220114,54711,2046.0,2068.0,272981.0,2058.0,2073.0,2022-01-14 15:00:00,FG2205.CZC
278,FG,20220117,184494,2046.0,2068.0,273497.0,2062.0,2094.0,2022-01-14 22:00:00,FG2205.CZC
279,FG,20220117,73638,2055.0,2070.0,270479.0,2068.0,2079.0,2022-01-14 23:00:00,FG2205.CZC
280,FG,20220117,114045,2037.0,2048.0,264113.0,2072.0,2088.0,2022-01-17 10:00:00,FG2205.CZC
281,FG,20220117,59510,2032.0,2053.0,265290.0,2047.0,2060.0,2022-01-17 11:15:00,FG2205.CZC
282,FG,20220117,47309,2038.0,2042.0,265949.0,2052.0,2063.0,2022-01-17 14:15:00,FG2205.CZC
283,FG,20220117,50452,2041.0,2068.0,266309.0,2042.0,2070.0,2022-01-17 15:00:00,FG2205.CZC
284,FG,20220118,122408,2037.0,2048.0,273012.0,2065.0,2068.0,2022-01-17 22:00:00,FG2205.CZC
285,FG,20220118,52813,2040.0,2048.0,269193.0,2048.0,2056.0,2022-01-17 23:00:00,FG2205.CZC
286,FG,20220118,68930,2036.0,2043.0,269792.0,2048.0,2063.0,2022-01-18 10:00:00,FG2205.CZC
287,FG,20220118,96469,2042.0,2080.0,277584.0,2044.0,2092.0,2022-01-18 11:15:00,FG2205.CZC
288,FG,20220118,75455,2061.0,2083.0,275383.0,2081.0,2094.0,2022-01-18 14:15:00,FG2205.CZC
289,FG,20220118,41906,2074.0,2085.0,271823.0,2083.0,2092.0,2022-01-18 15:00:00,FG2205.CZC
290,FG,20220119,195274,2092.0,2135.0,284124.0,2102.0,2147.0,2022-01-18 22:00:00,FG2205.CZC
291,FG,20220119,72873,2132.0,2142.0,281150.0,2135.0,2156.0,2022-01-18 23:00:00,FG2205.CZC
292,FG,20220119,61761,2133.0,2150.0,280212.0,2144.0,2159.0,2022-01-19 10:00:00,FG2205.CZC
293,FG,20220119,51387,2128.0,2131.0,280820.0,2151.0,2151.0,2022-01-19 11:15:00,FG2205.CZC
294,FG,20220119,91565,2107.0,2126.0,278001.0,2131.0,2136.0,2022-01-19 14:15:00,FG2205.CZC
295,FG,20220119,43652,2116.0,2131.0,275992.0,2126.0,2137.0,2022-01-19 15:00:00,FG2205.CZC
296,FG,20220120,143389,2119.0,2163.0,289275.0,2135.0,2164.0,2022-01-19 22:00:00,FG2205.CZC
297,FG,20220120,54567,2149.0,2163.0,287712.0,2164.0,2166.0,2022-01-19 23:00:00,FG2205.CZC
298,FG,20220120,74660,2135.0,2138.0,285198.0,2164.0,2164.0,2022-01-20 10:00:00,FG2205.CZC
299,FG,20220120,59400,2126.0,2126.0,287922.0,2139.0,2152.0,2022-01-20 11:15:00,FG2205.CZC
300,FG,20220120,71832,2114.0,2124.0,287951.0,2126.0,2137.0,2022-01-20 14:15:00,FG2205.CZC
301,FG,20220120,48932,2120.0,2126.0,279446.0,2124.0,2142.0,2022-01-20 15:00:00,FG2205.CZC
302,FG,20220121,108871,2123.0,2153.0,288082.0,2126.0,2159.0,2022-01-20 22:00:00,FG2205.CZC
303,FG,20220121,72497,2147.0,2158.0,285346.0,2152.0,2168.0,2022-01-20 23:00:00,FG2205.CZC
304,FG,20220121,110313,2108.0,2126.0,280718.0,2158.0,2158.0,2022-01-21 10:00:00,FG2205.CZC
305,FG,20220121,38355,2118.0,2128.0,280591.0,2125.0,2138.0,2022-01-21 11:15:00,FG2205.CZC
306,FG,20220121,105708,2120.0,2189.0,287588.0,2129.0,2189.0,2022-01-21 14:15:00,FG2205.CZC
307,FG,20220121,70250,2180.0,2190.0,285230.0,2190.0,2205.0,2022-01-21 15:00:00,FG2205.CZC
308,FG,20220124,144215,2142.0,2158.0,286115.0,2190.0,2190.0,2022-01-21 22:00:00,FG2205.CZC
309,FG,20220124,54807,2148.0,2149.0,278804.0,2158.0,2170.0,2022-01-21 23:00:00,FG2205.CZC
310,FG,20220124,112935,2115.0,2131.0,271554.0,2149.0,2166.0,2022-01-24 10:00:00,FG2205.CZC
311,FG,20220124,40820,2124.0,2135.0,270682.0,2130.0,2147.0,2022-01-24 11:15:00,FG2205.CZC
312,FG,20220124,46451,2132.0,2155.0,272890.0,2135.0,2161.0,2022-01-24 14:15:00,FG2205.CZC
313,FG,20220124,41034,2128.0,2135.0,267800.0,2155.0,2155.0,2022-01-24 15:00:00,FG2205.CZC
314,FG,20220125,165694,2076.0,2083.0,267195.0,2125.0,2133.0,2022-01-24 22:00:00,FG2205.CZC
315,FG,20220125,78940,2063.0,2071.0,258556.0,2084.0,2088.0,2022-01-24 23:00:00,FG2205.CZC
316,FG,20220125,89385,2074.0,2112.0,260161.0,2074.0,2113.0,2022-01-25 10:00:00,FG2205.CZC
317,FG,20220125,51531,2097.0,2108.0,260615.0,2113.0,2118.0,2022-01-25 11:15:00,FG2205.CZC
318,FG,20220125,77347,2106.0,2132.0,264166.0,2107.0,2145.0,2022-01-25 14:15:00,FG2205.CZC
319,FG,20220125,53766,2103.0,2119.0,257137.0,2132.0,2132.0,2022-01-25 15:00:00,FG2205.CZC
320,FG,20220126,134630,2090.0,2130.0,262349.0,2119.0,2133.0,2022-01-25 22:00:00,FG2205.CZC
321,FG,20220126,75476,2118.0,2121.0,260133.0,2130.0,2142.0,2022-01-25 23:00:00,FG2205.CZC
322,FG,20220126,54971,2106.0,2113.0,263507.0,2121.0,2133.0,2022-01-26 10:00:00,FG2205.CZC
323,FG,20220126,41182,2110.0,2125.0,261566.0,2112.0,2134.0,2022-01-26 11:15:00,FG2205.CZC
324,FG,20220126,48182,2111.0,2136.0,263539.0,2125.0,2138.0,2022-01-26 14:15:00,FG2205.CZC
325,FG,20220126,42367,2122.0,2135.0,261169.0,2137.0,2139.0,2022-01-26 15:00:00,FG2205.CZC
326,FG,20220127,122978,2148.0,2162.0,257972.0,2148.0,2182.0,2022-01-26 22:00:00,FG2205.CZC
327,FG,20220127,40721,2145.0,2156.0,253775.0,2163.0,2166.0,2022-01-26 23:00:00,FG2205.CZC
328,FG,20220127,48222,2146.0,2160.0,253990.0,2154.0,2176.0,2022-01-27 10:00:00,FG2205.CZC
329,FG,20220127,60947,2155.0,2186.0,258934.0,2160.0,2194.0,2022-01-27 11:15:00,FG2205.CZC
330,FG,20220127,84815,2176.0,2226.0,267640.0,2185.0,2235.0,2022-01-27 14:15:00,FG2205.CZC
331,FG,20220127,49452,2208.0,2218.0,258961.0,2227.0,2228.0,2022-01-27 15:00:00,FG2205.CZC
332,FG,20220128,109676,2220.0,2247.0,260593.0,2228.0,2265.0,2022-01-27 22:00:00,FG2205.CZC
333,FG,20220128,47675,2246.0,2252.0,255039.0,2246.0,2270.0,2022-01-27 23:00:00,FG2205.CZC
334,FG,20220128,93904,2194.0,2220.0,245684.0,2251.0,2251.0,2022-01-28 10:00:00,FG2205.CZC
335,FG,20220128,34099,2203.0,2209.0,242717.0,2221.0,2221.0,2022-01-28 11:15:00,FG2205.CZC
336,FG,20220128,41723,2198.0,2215.0,238712.0,2209.0,2227.0,2022-01-28 14:15:00,FG2205.CZC
337,FG,20220128,43298,2211.0,2240.0,225977.0,2216.0,2240.0,2022-01-28 15:00:00,FG2205.CZC
338,FG,20220207,151111,2265.0,2373.0,249530.0,2266.0,2375.0,2022-02-07 10:00:00,FG2205.CZC
339,FG,20220207,55980,2342.0,2347.0,253823.0,2373.0,2377.0,2022-02-07 11:15:00,FG2205.CZC
340,FG,20220207,32856,2345.0,2355.0,255404.0,2346.0,2362.0,2022-02-07 14:15:00,FG2205.CZC
341,FG,20220207,34336,2334.0,2343.0,253125.0,2355.0,2356.0,2022-02-07 15:00:00,FG2205.CZC
342,FG,20220208,80044,2326.0,2343.0,259291.0,2345.0,2352.0,2022-02-07 22:00:00,FG2205.CZC
343,FG,20220208,29406,2336.0,2341.0,256524.0,2343.0,2355.0,2022-02-07 23:00:00,FG2205.CZC
344,FG,20220208,72145,2309.0,2336.0,256793.0,2342.0,2345.0,2022-02-08 10:00:00,FG2205.CZC
345,FG,20220208,44398,2318.0,2328.0,257656.0,2337.0,2348.0,2022-02-08 11:15:00,FG2205.CZC
346,FG,20220208,27087,2319.0,2324.0,258137.0,2328.0,2338.0,2022-02-08 14:15:00,FG2205.CZC
347,FG,20220208,43651,2309.0,2324.0,258297.0,2323.0,2335.0,2022-02-08 15:00:00,FG2205.CZC
348,FG,20220209,89655,2304.0,2312.0,264865.0,2328.0,2336.0,2022-02-08 22:00:00,FG2205.CZC
349,FG,20220209,122098,2241.0,2270.0,260911.0,2311.0,2316.0,2022-02-08 23:00:00,FG2205.CZC
350,FG,20220209,84261,2245.0,2256.0,266063.0,2270.0,2293.0,2022-02-09 10:00:00,FG2205.CZC
351,FG,20220209,36885,2252.0,2277.0,264868.0,2256.0,2279.0,2022-02-09 11:15:00,FG2205.CZC
352,FG,20220209,42593,2260.0,2275.0,266140.0,2277.0,2284.0,2022-02-09 14:15:00,FG2205.CZC
353,FG,20220209,40034,2264.0,2274.0,267883.0,2274.0,2286.0,2022-02-09 15:00:00,FG2205.CZC
354,FG,20220210,160160,2259.0,2330.0,280392.0,2276.0,2335.0,2022-02-09 22:00:00,FG2205.CZC
355,FG,20220210,66612,2318.0,2344.0,279601.0,2330.0,2349.0,2022-02-09 23:00:00,FG2205.CZC
356,FG,20220210,74002,2344.0,2351.0,287129.0,2345.0,2365.0,2022-02-10 10:00:00,FG2205.CZC
357,FG,20220210,63081,2333.0,2368.0,287956.0,2351.0,2372.0,2022-02-10 11:15:00,FG2205.CZC
358,FG,20220210,54516,2346.0,2361.0,285962.0,2369.0,2372.0,2022-02-10 14:15:00,FG2205.CZC
359,FG,20220210,137070,2353.0,2359.0,274882.0,2361.0,2430.0,2022-02-10 15:00:00,FG2205.CZC
360,FG,20220211,128470,2370.0,2391.0,279112.0,2374.0,2403.0,2022-02-10 22:00:00,FG2205.CZC
361,FG,20220211,56108,2368.0,2375.0,273249.0,2393.0,2395.0,2022-02-10 23:00:00,FG2205.CZC
362,FG,20220211,158667,2286.0,2291.0,282291.0,2374.0,2374.0,2022-02-11 10:00:00,FG2205.CZC
363,FG,20220211,105911,2269.0,2278.0,281206.0,2291.0,2303.0,2022-02-11 11:15:00,FG2205.CZC
364,FG,20220211,88491,2251.0,2258.0,280207.0,2278.0,2295.0,2022-02-11 14:15:00,FG2205.CZC
365,FG,20220211,197677,2160.0,2169.0,275061.0,2258.0,2264.0,2022-02-11 15:00:00,FG2205.CZC
366,FG,20220214,207733,2139.0,2162.0,274086.0,2207.0,2207.0,2022-02-11 22:00:00,FG2205.CZC
367,FG,20220214,159279,2155.0,2203.0,256794.0,2162.0,2228.0,2022-02-11 23:00:00,FG2205.CZC
368,FG,20220214,153495,2206.0,2269.0,256674.0,2206.0,2288.0,2022-02-14 10:00:00,FG2205.CZC
369,FG,20220214,50955,2257.0,2275.0,259126.0,2269.0,2281.0,2022-02-14 11:15:00,FG2205.CZC
370,FG,20220214,104319,2215.0,2249.0,259194.0,2275.0,2280.0,2022-02-14 14:15:00,FG2205.CZC
371,FG,20220214,62116,2222.0,2243.0,256194.0,2250.0,2257.0,2022-02-14 15:00:00,FG2205.CZC
372,FG,20220215,177798,2154.0,2176.0,257762.0,2217.0,2217.0,2022-02-14 22:00:00,FG2205.CZC
373,FG,20220215,62036,2161.0,2177.0,247373.0,2176.0,2181.0,2022-02-14 23:00:00,FG2205.CZC
374,FG,20220215,115141,2133.0,2160.0,245893.0,2177.0,2193.0,2022-02-15 10:00:00,FG2205.CZC
375,FG,20220215,70706,2156.0,2164.0,242273.0,2159.0,2186.0,2022-02-15 11:15:00,FG2205.CZC
376,FG,20220215,119691,2118.0,2140.0,238489.0,2164.0,2164.0,2022-02-15 14:15:00,FG2205.CZC
377,FG,20220215,72789,2135.0,2178.0,231830.0,2141.0,2180.0,2022-02-15 15:00:00,FG2205.CZC
