multiplier,trading_code,delist_date,price_tick_desc,exchange,list_date,product_code,price_tick,instrument,name,last_ddate
10.0,y2111,2021-11-12,,DCE,2020-11-16,Y,2.0,Y2111.DCE,豆油2111,2021-11-17
10.0,y2112,2021-12-14,,DCE,2020-12-15,Y,2.0,Y2112.DCE,豆油2112,2021-12-17
10.0,y2201,2022-01-17,,DCE,2021-01-18,Y,2.0,Y2201.DCE,豆油2201,2022-01-20
10.0,y2203,2022-03-14,,DCE,2021-03-15,Y,2.0,Y2203.DCE,豆油2203,2022-03-17
10.0,y2205,2022-05-18,,DCE,2021-05-20,Y,2.0,Y2205.DCE,豆油2205,2022-05-23
10.0,y2207,2022-07-14,,DCE,2021-07-15,Y,2.0,Y2207.DCE,豆油2207,2022-07-19
10.0,y2208,2022-08-12,,DCE,2021-08-16,Y,2.0,Y2208.DCE,豆油2208,2022-08-17
10.0,y2209,2022-09-15,,DCE,2021-09-15,Y,2.0,Y2209.DCE,豆油2209,2022-09-20
10.0,y2301,2023-01-17,,DCE,2022-01-18,Y,2.0,Y2301.DCE,豆油2301,2023-01-20
10.0,y2211,2022-11-14,,DCE,2021-11-15,Y,2.0,Y2211.DCE,豆油2211,2022-11-17
10.0,y2212,2022-12-14,,DCE,2021-12-15,Y,2.0,Y2212.DCE,豆油2212,2022-12-19
10.0,y8888,2099-01-01,,DCE,2006-01-09,Y,2.0,Y8888.DCE,豆油主力,2099-01-01
10.0,y0000,2099-01-01,,DCE,2006-01-09,Y,2.0,Y0000.DCE,豆油指数,2099-01-01
10.0,y9999,2099-01-01,,DCE,2006-01-09,Y,2.0,Y9999.DCE,豆油前复权主力,2099-01-01
300.0,IH2110,2021-10-15,,CFFEX,2021-08-23,IH,0.2,IH2110.CFX,上证50指数2110,2021-10-15
300.0,IH2111,2021-11-19,,CFFEX,2021-09-22,IH,0.2,IH2111.CFX,上证50指数2111,2021-11-19
300.0,IH2112,2021-12-17,,CFFEX,2021-04-19,IH,0.2,IH2112.CFX,上证50指数2112,2021-12-17
300.0,IH2201,2022-01-21,,CFFEX,2021-11-22,IH,0.2,IH2201.CFX,上证50指数2201,2022-01-21
300.0,IH2203,2022-03-18,,CFFEX,2021-07-19,IH,0.2,IH2203.CFX,上证50指数2203,2022-03-18
300.0,IH2206,2022-06-17,,CFFEX,2021-10-18,IH,0.2,IH2206.CFX,上证50指数2206,2022-06-17
300.0,IH2209,2022-09-16,,CFFEX,2022-01-24,IH,0.2,IH2209.CFX,上证50指数2209,2022-09-16
300.0,IH2202,2022-02-18,,CFFEX,2021-12-20,IH,0.2,IH2202.CFX,上证50指数2202,2022-02-18
300.0,IH8888,2099-01-01,,CFFEX,2015-04-16,IH,0.2,IH8888.CFX,上证50指数主力,2099-01-01
300.0,IH0000,2099-01-01,,CFFEX,2015-04-16,IH,0.2,IH0000.CFX,上证50指数指数,2099-01-01
300.0,IH9999,2099-01-01,,CFFEX,2015-04-16,IH,0.2,IH9999.CFX,上证50指数前复权主力,2099-01-01
10.0,sp2110,2021-10-15,,SHFE,2020-10-16,SP,2.0,SP2110.SHF,漂针浆2110,2021-10-20
10.0,sp2111,2021-11-15,,SHFE,2020-11-17,SP,2.0,SP2111.SHF,漂针浆2111,2021-11-18
10.0,sp2112,2021-12-15,,SHFE,2020-12-16,SP,2.0,SP2112.SHF,漂针浆2112,2021-12-20
10.0,sp2201,2022-01-17,,SHFE,2021-01-18,SP,2.0,SP2201.SHF,漂针浆2201,2022-01-20
10.0,sp2202,2022-02-15,,SHFE,2021-02-08,SP,2.0,SP2202.SHF,漂针浆2202,2022-02-18
10.0,sp2204,2022-04-15,,SHFE,2021-04-16,SP,2.0,SP2204.SHF,漂针浆2204,2022-04-20
10.0,sp2203,2022-03-15,,SHFE,2021-03-16,SP,2.0,SP2203.SHF,漂针浆2203,2022-03-18
10.0,sp2206,2022-06-15,,SHFE,2021-06-16,SP,2.0,SP2206.SHF,漂针浆2206,2022-06-20
10.0,sp2205,2022-05-16,,SHFE,2021-05-18,SP,2.0,SP2205.SHF,漂针浆2205,2022-05-19
10.0,sp2207,2022-07-15,,SHFE,2021-07-16,SP,2.0,SP2207.SHF,漂针浆2207,2022-07-20
10.0,sp2208,2022-08-15,,SHFE,2021-08-17,SP,2.0,SP2208.SHF,漂针浆2208,2022-08-18
10.0,sp2209,2022-09-15,,SHFE,2021-09-16,SP,2.0,SP2209.SHF,漂针浆2209,2022-09-20
10.0,sp2301,2023-01-16,,SHFE,2022-01-18,SP,2.0,SP2301.SHF,漂针浆2301,2023-01-19
10.0,sp2210,2022-10-17,,SHFE,2021-10-18,SP,2.0,SP2210.SHF,漂针浆2210,2022-10-20
10.0,sp2212,2022-12-15,,SHFE,2021-12-16,SP,2.0,SP2212.SHF,漂针浆2212,2022-12-20
10.0,sp2211,2022-11-15,,SHFE,2021-11-16,SP,2.0,SP2211.SHF,漂针浆2211,2022-11-18
10.0,sp8888,2099-01-01,,SHFE,2018-11-27,SP,2.0,SP8888.SHF,漂针浆主力,2099-01-01
10.0,sp0000,2099-01-01,,SHFE,2018-11-27,SP,2.0,SP0000.SHF,漂针浆指数,2099-01-01
10.0,sp9999,2099-01-01,,SHFE,2018-11-27,SP,2.0,SP9999.SHF,漂针浆前复权主力,2099-01-01
300.0,IFL1,2099-01-01,指数点,CFFEX,1993-01-01,IFL,0.2,IFL1.CFX,沪深300期货次月,2099-01-01
300.0,IFL2,2099-01-01,指数点,CFFEX,1993-01-01,IFL,0.2,IFL2.CFX,沪深300期货当季,2099-01-01
300.0,IFL3,2099-01-01,指数点,CFFEX,1993-01-01,IFL,0.2,IFL3.CFX,沪深300期货下季,2099-01-01
5.0,RO8888,2099-01-01,人民币元/吨,CZCE,2007-06-08,RO,2.0,RO8888.CZC,菜油主力,2013-05-17
5.0,RO0000,2099-01-01,人民币元/吨,CZCE,2007-06-08,RO,2.0,RO0000.CZC,菜油指数,2013-05-17
5.0,RO9999,2099-01-01,人民币元/吨,CZCE,2007-06-08,RO,2.0,RO9999.CZC,菜油前复权主力,2013-05-17
10000.0,T2112,2021-12-10,,CFFEX,2021-03-15,T,0.005,T2112.CFX,10年期国债2112,2021-12-15
10000.0,T2203,2022-03-11,,CFFEX,2021-06-15,T,0.005,T2203.CFX,10年期国债2203,2022-03-16
10000.0,T2206,2022-06-10,,CFFEX,2021-09-13,T,0.005,T2206.CFX,10年期国债2206,2022-06-15
10000.0,T2209,2022-09-09,,CFFEX,2021-12-13,T,0.005,T2209.CFX,10年期国债2209,2022-09-15
10000.0,T8888,2099-01-01,,CFFEX,2015-03-20,T,0.005,T8888.CFX,10年期国债主力,2099-01-01
10000.0,T0000,2099-01-01,,CFFEX,2015-03-20,T,0.005,T0000.CFX,10	年期国债指数,2099-01-01
10000.0,T9999,2099-01-01,,CFFEX,2015-03-20,T,0.005,T9999.CFX,10年期国债前复权主力,2099-01-01
10.0,fb2110,2021-10-21,,DCE,2020-10-23,FB,0.5,FB2110.DCE,纤维板2110,2021-10-26
10.0,fb2111,2021-11-12,,DCE,2020-11-16,FB,0.5,FB2111.DCE,纤维板2111,2021-11-17
10.0,fb2112,2021-12-14,,DCE,2020-12-15,FB,0.5,FB2112.DCE,纤维板2112,2021-12-17
10.0,fb2201,2022-01-17,,DCE,2021-01-18,FB,0.5,FB2201.DCE,纤维板2201,2022-01-20
10.0,fb2203,2022-03-14,,DCE,2021-03-15,FB,0.5,FB2203.DCE,纤维板2203,2022-03-17
10.0,fb2204,2022-04-18,,DCE,2021-04-16,FB,0.5,FB2204.DCE,纤维板2204,2022-04-21
10.0,fb2202,2022-02-18,,DCE,2021-02-22,FB,0.5,FB2202.DCE,纤维板2202,2022-02-23
10.0,fb2206,2022-06-15,,DCE,2021-06-16,FB,0.5,FB2206.DCE,纤维板2206,2022-06-20
10.0,fb2205,2022-05-18,,DCE,2021-05-20,FB,0.5,FB2205.DCE,纤维板2205,2022-05-23
10.0,fb2207,2022-07-14,,DCE,2021-07-15,FB,0.5,FB2207.DCE,纤维板2207,2022-07-19
10.0,fb2208,2022-08-12,,DCE,2021-08-16,FB,0.5,FB2208.DCE,纤维板2208,2022-08-17
10.0,fb2209,2022-09-15,,DCE,2021-09-15,FB,0.5,FB2209.DCE,纤维板2209,2022-09-20
10.0,fb2301,2023-01-17,,DCE,2022-01-18,FB,0.5,FB2301.DCE,纤维板2301,2023-01-20
10.0,fb2210,2022-10-21,,DCE,2021-10-22,FB,0.5,FB2210.DCE,纤维板2210,2022-10-26
10.0,fb2211,2022-11-14,,DCE,2021-11-15,FB,0.5,FB2211.DCE,纤维板2211,2022-11-17
10.0,fb2212,2022-12-14,,DCE,2021-12-15,FB,0.5,FB2212.DCE,纤维板2212,2022-12-19
10.0,fb8888,2099-01-01,,DCE,2013-12-06,FB,0.5,FB8888.DCE,纤维板主力,2099-01-01
10.0,fb0000,2099-01-01,,DCE,2013-12-06,FB,0.5,FB0000.DCE,纤维板指数,2099-01-01
10.0,fb9999,2099-01-01,,DCE,2013-12-06,FB,0.5,FB9999.DCE,纤维板前复权主力,2099-01-01
5.0,CF111,2021-11-12,,CZCE,2020-11-16,CF,5.0,CF2111.CZC,一号棉花111,2021-11-12
5.0,CF201,2022-01-17,,CZCE,2021-01-18,CF,5.0,CF2201.CZC,一号棉花201,2022-01-17
5.0,CF203,2022-03-14,,CZCE,2021-03-15,CF,5.0,CF2203.CZC,一号棉花203,2022-03-14
5.0,CF205,2022-05-18,,CZCE,2021-05-20,CF,5.0,CF2205.CZC,一号棉花205,2022-05-18
5.0,CF207,2022-07-14,,CZCE,2021-07-15,CF,5.0,CF2207.CZC,一号棉花207,2022-07-14
5.0,CF209,2022-09-15,,CZCE,2021-09-15,CF,5.0,CF2209.CZC,一号棉花209,2022-09-15
5.0,CF301,2023-01-13,,CZCE,2022-01-18,CF,5.0,CF2301.CZC,一号棉花301,2023-01-13
5.0,CF211,2022-11-14,,CZCE,2021-11-15,CF,5.0,CF2211.CZC,一号棉花211,2022-11-14
5.0,CF8888,2099-01-01,,CZCE,2004-06-01,CF,5.0,CF8888.CZC,一号棉花主力,2099-01-01
5.0,CF0000,2099-01-01,,CZCE,2004-06-01,CF,5.0,CF0000.CZC,一号棉花指数,2099-01-01
5.0,CF9999,2099-01-01,,CZCE,2004-06-01,CF,5.0,CF9999.CZC,一号棉花前复权主力,2099-01-01
10.0,eg2110,2021-10-26,,DCE,2020-10-28,EG,1.0,EG2110.DCE,乙二醇2110,2021-10-29
10.0,eg2111,2021-11-25,,DCE,2020-11-26,EG,1.0,EG2111.DCE,乙二醇2111,2021-11-30
10.0,eg2112,2021-12-28,,DCE,2020-12-29,EG,1.0,EG2112.DCE,乙二醇2112,2021-12-31
10.0,eg2201,2022-01-25,,DCE,2021-01-27,EG,1.0,EG2201.DCE,乙二醇2201,2022-01-28
10.0,eg2204,2022-04-26,,DCE,2021-04-28,EG,1.0,EG2204.DCE,乙二醇2204,2022-04-29
10.0,eg2202,2022-02-23,,DCE,2021-02-24,EG,1.0,EG2202.DCE,乙二醇2202,2022-02-28
10.0,eg2203,2022-03-28,,DCE,2021-03-29,EG,1.0,EG2203.DCE,乙二醇2203,2022-03-31
10.0,eg2205,2022-05-26,,DCE,2021-05-27,EG,1.0,EG2205.DCE,乙二醇2205,2022-05-31
10.0,eg2207,2022-07-26,,DCE,2021-07-28,EG,1.0,EG2207.DCE,乙二醇2207,2022-07-29
10.0,eg2206,2022-06-27,,DCE,2021-06-28,EG,1.0,EG2206.DCE,乙二醇2206,2022-06-30
10.0,eg2208,2022-08-26,,DCE,2021-08-27,EG,1.0,EG2208.DCE,乙二醇2208,2022-08-31
10.0,eg2209,2022-09-27,,DCE,2021-09-28,EG,1.0,EG2209.DCE,乙二醇2209,2022-09-30
10.0,eg2301,2023-01-25,,DCE,2022-01-26,EG,1.0,EG2301.DCE,乙二醇2301,2023-01-30
10.0,eg2210,2022-10-26,,DCE,2021-10-27,EG,1.0,EG2210.DCE,乙二醇2210,2022-10-31
10.0,eg2212,2022-12-27,,DCE,2021-12-29,EG,1.0,EG2212.DCE,乙二醇2212,2022-12-30
10.0,eg2211,2022-11-25,,DCE,2021-11-26,EG,1.0,EG2211.DCE,乙二醇2211,2022-11-30
10.0,eg8888,2099-01-01,,DCE,2018-12-10,EG,1.0,EG8888.DCE,乙二醇主力,2099-01-01
10.0,eg0000,2099-01-01,,DCE,2018-12-10,EG,1.0,EG0000.DCE,乙二醇指数,2099-01-01
10.0,eg9999,2099-01-01,,DCE,2018-12-10,EG,1.0,EG9999.DCE,乙二醇前复权主力,2099-01-01
5.0,CJ112,2021-12-14,,CZCE,2020-12-15,CJ,5.0,CJ2112.CZC,红枣112,2021-12-14
5.0,CJ201,2022-01-17,,CZCE,2021-01-18,CJ,5.0,CJ2201.CZC,红枣201,2022-01-17
5.0,CJ203,2022-03-14,,CZCE,2021-03-15,CJ,5.0,CJ2203.CZC,红枣203,2022-03-14
5.0,CJ205,2022-05-18,,CZCE,2021-05-20,CJ,5.0,CJ2205.CZC,红枣205,2022-05-18
5.0,CJ207,2022-07-14,,CZCE,2021-07-15,CJ,5.0,CJ2207.CZC,红枣207,2022-07-14
5.0,CJ209,2022-09-15,,CZCE,2021-09-15,CJ,5.0,CJ2209.CZC,红枣209,2022-09-15
5.0,CJ301,2023-01-13,,CZCE,2022-01-18,CJ,5.0,CJ2301.CZC,红枣301,2023-01-13
5.0,CJ212,2022-12-14,,CZCE,2021-12-15,CJ,5.0,CJ2212.CZC,红枣212,2022-12-14
5.0,CJ8888,2099-01-01,,CZCE,2019-04-30,CJ,5.0,CJ8888.CZC,红枣主力,2099-01-01
5.0,CJ0000,2099-01-01,,CZCE,2019-04-30,CJ,5.0,CJ0000.CZC,红枣指数,2099-01-01
5.0,CJ9999,2099-01-01,,CZCE,2019-04-30,CJ,5.0,CJ9999.CZC,红枣前复权主力,2099-01-01
10.0,lu2111,2021-10-29,,INE,2020-11-02,LU,1.0,LU2111.INE,低硫燃料油2111,2021-11-05
10.0,lu2112,2021-11-30,,INE,2020-12-01,LU,1.0,LU2112.INE,低硫燃料油2112,2021-12-07
10.0,lu2201,2021-12-23,,INE,2020-12-25,LU,1.0,LU2201.INE,低硫燃料油2201,2021-12-30
10.0,lu2202,2022-01-21,,INE,2021-02-01,LU,1.0,LU2202.INE,低硫燃料油2202,2022-01-28
10.0,lu2203,2022-02-28,,INE,2021-03-01,LU,1.0,LU2203.INE,低硫燃料油2203,2022-03-07
10.0,lu2205,2022-04-29,,INE,2021-05-06,LU,1.0,LU2205.INE,低硫燃料油2205,2022-05-11
10.0,lu2206,2022-05-31,,INE,2021-06-01,LU,1.0,LU2206.INE,低硫燃料油2206,2022-06-08
10.0,lu2204,2022-03-31,,INE,2021-04-01,LU,1.0,LU2204.INE,低硫燃料油2204,2022-04-11
10.0,lu2209,2022-08-31,,INE,2021-09-01,LU,1.0,LU2209.INE,低硫燃料油2209,2022-09-07
10.0,lu2207,2022-06-30,,INE,2021-07-01,LU,1.0,LU2207.INE,低硫燃料油2207,2022-07-07
10.0,lu2208,2022-07-29,,INE,2021-08-02,LU,1.0,LU2208.INE,低硫燃料油2208,2022-08-05
10.0,lu2210,2022-09-23,,INE,2021-09-24,LU,1.0,LU2210.INE,低硫燃料油2210,2022-09-30
10.0,lu2302,2023-01-31,,INE,2022-01-24,LU,1.0,LU2302.INE,低硫燃料油2302,2023-02-07
10.0,lu2211,2022-10-31,,INE,2021-11-01,LU,1.0,LU2211.INE,低硫燃料油2211,2022-11-07
10.0,lu2212,2022-11-30,,INE,2021-12-01,LU,1.0,LU2212.INE,低硫燃料油2212,2022-12-07
10.0,lu2301,2022-12-30,,INE,2021-12-24,LU,1.0,LU2301.INE,低硫燃料油2301,2023-01-10
10.0,lu8888,2099-01-01,,INE,2020-06-22,LU,1.0,LU8888.INE,低硫燃料油主力,2099-01-01
10.0,lu0000,2099-01-01,,INE,2020-06-22,LU,1.0,LU0000.INE,低硫燃料油指数,2099-01-01
10.0,lu9999,2099-01-01,,INE,2020-06-22,LU,1.0,LU9999.INE,低硫燃料油前复权主力,2099-01-01
10.0,b2110,2021-10-21,,DCE,2020-10-23,B,1.0,B2110.DCE,黄大豆2号2110,2021-10-26
10.0,b2111,2021-11-12,,DCE,2020-11-16,B,1.0,B2111.DCE,黄大豆2号2111,2021-11-17
10.0,b2112,2021-12-14,,DCE,2020-12-15,B,1.0,B2112.DCE,黄大豆2号2112,2021-12-17
10.0,b2201,2022-01-17,,DCE,2021-01-18,B,1.0,B2201.DCE,黄大豆2号2201,2022-01-20
10.0,b2203,2022-03-14,,DCE,2021-03-15,B,1.0,B2203.DCE,黄大豆2号2203,2022-03-17
10.0,b2204,2022-04-18,,DCE,2021-04-16,B,1.0,B2204.DCE,黄大豆2号2204,2022-04-21
10.0,b2202,2022-02-18,,DCE,2021-02-22,B,1.0,B2202.DCE,黄大豆2号2202,2022-02-23
10.0,b2206,2022-06-15,,DCE,2021-06-16,B,1.0,B2206.DCE,黄大豆2号2206,2022-06-20
10.0,b2205,2022-05-18,,DCE,2021-05-20,B,1.0,B2205.DCE,黄大豆2号2205,2022-05-23
10.0,b2207,2022-07-14,,DCE,2021-07-15,B,1.0,B2207.DCE,黄大豆2号2207,2022-07-19
10.0,b2208,2022-08-12,,DCE,2021-08-16,B,1.0,B2208.DCE,黄大豆2号2208,2022-08-17
10.0,b2209,2022-09-15,,DCE,2021-09-15,B,1.0,B2209.DCE,黄大豆2号2209,2022-09-20
10.0,b2301,2023-01-17,,DCE,2022-01-18,B,1.0,B2301.DCE,黄大豆2号2301,2023-01-20
10.0,b2210,2022-10-21,,DCE,2021-10-22,B,1.0,B2210.DCE,黄大豆2号2210,2022-10-26
10.0,b2211,2022-11-14,,DCE,2021-11-15,B,1.0,B2211.DCE,黄大豆2号2211,2022-11-17
10.0,b2212,2022-12-14,,DCE,2021-12-15,B,1.0,B2212.DCE,黄大豆2号2212,2022-12-19
10.0,b8888,2099-01-01,,DCE,2004-12-22,B,1.0,B8888.DCE,黄大豆2号主力,2099-01-01
10.0,b0000,2099-01-01,,DCE,2004-12-22,B,1.0,B0000.DCE,黄大豆2号指数,2099-01-01
10.0,b9999,2099-01-01,,DCE,2004-12-22,B,1.0,B9999.DCE,黄大豆2号前复权主力,2099-01-01
5.0,TA110,2021-10-21,,CZCE,2020-10-23,TA,2.0,TA2110.CZC,精对苯二甲酸110,2021-10-21
5.0,TA111,2021-11-12,,CZCE,2020-11-16,TA,2.0,TA2111.CZC,精对苯二甲酸111,2021-11-12
5.0,TA112,2021-12-14,,CZCE,2020-12-15,TA,2.0,TA2112.CZC,精对苯二甲酸112,2021-12-14
5.0,TA201,2022-01-17,,CZCE,2021-01-18,TA,2.0,TA2201.CZC,精对苯二甲酸201,2022-01-17
5.0,TA203,2022-03-14,,CZCE,2021-03-15,TA,2.0,TA2203.CZC,精对苯二甲酸203,2022-03-14
5.0,TA204,2022-04-18,,CZCE,2021-04-16,TA,2.0,TA2204.CZC,精对苯二甲酸204,2022-04-18
5.0,TA202,2022-02-18,,CZCE,2021-02-22,TA,2.0,TA2202.CZC,精对苯二甲酸202,2022-02-18
5.0,TA206,2022-06-15,,CZCE,2021-06-16,TA,2.0,TA2206.CZC,精对苯二甲酸206,2022-06-15
5.0,TA205,2022-05-18,,CZCE,2021-05-20,TA,2.0,TA2205.CZC,精对苯二甲酸205,2022-05-18
5.0,TA207,2022-07-14,,CZCE,2021-07-15,TA,2.0,TA2207.CZC,精对苯二甲酸207,2022-07-14
5.0,TA208,2022-08-12,,CZCE,2021-08-16,TA,2.0,TA2208.CZC,精对苯二甲酸208,2022-08-12
5.0,TA209,2022-09-15,,CZCE,2021-09-15,TA,2.0,TA2209.CZC,精对苯二甲酸209,2022-09-15
5.0,TA301,2023-01-13,,CZCE,2022-01-18,TA,2.0,TA2301.CZC,精对苯二甲酸301,2023-01-13
5.0,TA210,2022-10-21,,CZCE,2021-10-22,TA,2.0,TA2210.CZC,精对苯二甲酸210,2022-10-21
5.0,TA211,2022-11-14,,CZCE,2021-11-15,TA,2.0,TA2211.CZC,精对苯二甲酸211,2022-11-14
5.0,TA212,2022-12-14,,CZCE,2021-12-15,TA,2.0,TA2212.CZC,精对苯二甲酸212,2022-12-14
5.0,TA8888,2099-01-01,,CZCE,2006-12-18,TA,2.0,TA8888.CZC,精对苯二甲酸主力,2099-01-01
5.0,TA0000,2099-01-01,,CZCE,2006-12-18,TA,2.0,TA0000.CZC,精对苯二甲酸指数,2099-01-01
5.0,TA9999,2099-01-01,,CZCE,2006-12-18,TA,2.0,TA9999.CZC,精对苯二甲酸前复权主力,2099-01-01
16.0,lh2111,2021-11-25,,DCE,2021-01-08,LH,5.0,LH2111.DCE,生猪2111,2021-11-30
16.0,lh2201,2022-01-25,,DCE,2021-01-08,LH,5.0,LH2201.DCE,生猪2201,2022-01-28
16.0,lh2203,2022-03-28,,DCE,2021-03-29,LH,5.0,LH2203.DCE,生猪2203,2022-03-31
16.0,lh2205,2022-05-26,,DCE,2021-05-27,LH,5.0,LH2205.DCE,生猪2205,2022-05-31
16.0,lh2207,2022-07-26,,DCE,2021-07-28,LH,5.0,LH2207.DCE,生猪2207,2022-07-29
16.0,lh2209,2022-09-27,,DCE,2021-09-28,LH,5.0,LH2209.DCE,生猪2209,2022-09-30
16.0,lh2301,2023-01-25,,DCE,2022-01-26,LH,5.0,LH2301.DCE,生猪2301,2023-01-30
16.0,lh2211,2022-11-25,,DCE,2021-11-26,LH,5.0,LH2211.DCE,生猪2211,2022-11-30
16.0,lh8888,2099-01-01,,DCE,2021-01-08,LH,5.0,LH8888.DCE,生猪主力,2099-01-01
16.0,lh0000,2099-01-01,,DCE,2021-01-08,LH,5.0,LH0000.DCE,生猪指数,2099-01-01
16.0,lh9999,2099-01-01,,DCE,2021-01-08,LH,5.0,LH9999.DCE,生猪前复权主力,2099-01-01
10.0,c2111,2021-11-12,,DCE,2020-11-16,C,1.0,C2111.DCE,黄玉米2111,2021-11-17
10.0,c2201,2022-01-17,,DCE,2021-01-18,C,1.0,C2201.DCE,黄玉米2201,2022-01-20
10.0,c2203,2022-03-14,,DCE,2021-03-15,C,1.0,C2203.DCE,黄玉米2203,2022-03-17
10.0,c2205,2022-05-18,,DCE,2021-05-20,C,1.0,C2205.DCE,黄玉米2205,2022-05-23
10.0,c2207,2022-07-14,,DCE,2021-07-15,C,1.0,C2207.DCE,黄玉米2207,2022-07-19
10.0,c2209,2022-09-15,,DCE,2021-09-15,C,1.0,C2209.DCE,黄玉米2209,2022-09-20
10.0,c2301,2023-01-17,,DCE,2022-01-18,C,1.0,C2301.DCE,黄玉米2301,2023-01-20
10.0,c2211,2022-11-14,,DCE,2021-11-15,C,1.0,C2211.DCE,黄玉米2211,2022-11-17
10.0,c8888,2099-01-01,,DCE,2004-09-22,C,1.0,C8888.DCE,黄玉米主力,2099-01-01
10.0,c0000,2099-01-01,,DCE,2004-09-22,C,1.0,C0000.DCE,黄玉米指数,2099-01-01
10.0,c9999,2099-01-01,,DCE,2004-09-22,C,1.0,C9999.DCE,黄玉米前复权主力,2099-01-01
10.0,bu2110,2021-10-15,,SHFE,2021-04-16,BU,2.0,BU2110.SHF,石油沥青2110,2021-10-20
10.0,bu2111,2021-11-15,,SHFE,2021-05-18,BU,2.0,BU2111.SHF,石油沥青2111,2021-11-18
10.0,bu2112,2021-12-15,,SHFE,2019-12-17,BU,2.0,BU2112.SHF,石油沥青2112,2021-12-20
10.0,bu2201,2022-01-17,,SHFE,2021-07-16,BU,2.0,BU2201.SHF,石油沥青2201,2022-01-20
10.0,bu2203,2022-03-15,,SHFE,2020-03-17,BU,2.0,BU2203.SHF,石油沥青2203,2022-03-18
10.0,bu2206,2022-06-15,,SHFE,2020-06-16,BU,2.0,BU2206.SHF,石油沥青2206,2022-06-20
10.0,bu2209,2022-09-15,,SHFE,2020-09-16,BU,2.0,BU2209.SHF,石油沥青2209,2022-09-20
10.0,bu2212,2022-12-15,,SHFE,2020-12-16,BU,2.0,BU2212.SHF,石油沥青2212,2022-12-20
10.0,bu2303,2023-03-15,,SHFE,2021-03-16,BU,2.0,BU2303.SHF,石油沥青2303,2023-03-20
10.0,bu2306,2023-06-15,,SHFE,2021-06-16,BU,2.0,BU2306.SHF,石油沥青2306,2023-06-20
10.0,bu2202,2022-02-15,,SHFE,2021-08-17,BU,2.0,BU2202.SHF,石油沥青2202,2022-02-18
10.0,bu2309,2023-09-15,,SHFE,2021-09-16,BU,2.0,BU2309.SHF,石油沥青2309,2023-09-20
10.0,bu2204,2022-04-15,,SHFE,2021-10-18,BU,2.0,BU2204.SHF,石油沥青2204,2022-04-20
10.0,bu2312,2023-12-15,,SHFE,2021-12-16,BU,2.0,BU2312.SHF,石油沥青2312,2023-12-20
10.0,bu2207,2022-07-15,,SHFE,2022-01-18,BU,2.0,BU2207.SHF,石油沥青2207,2022-07-20
10.0,bu2205,2022-05-16,,SHFE,2021-11-16,BU,2.0,BU2205.SHF,石油沥青2205,2022-05-19
10.0,bu8888,2099-01-01,,SHFE,2013-10-09,BU,2.0,BU8888.SHF,石油沥青主力,2099-01-01
10.0,bu0000,2099-01-01,,SHFE,2013-10-09,BU,2.0,BU0000.SHF,石油沥青指数,2099-01-01
10.0,bu9999,2099-01-01,,SHFE,2013-10-09,BU,2.0,BU9999.SHF,石油沥青前复权主力,2099-01-01
10.0,SR111,2021-11-12,,CZCE,2020-11-16,SR,1.0,SR2111.CZC,白砂糖111,2021-11-12
10.0,SR201,2022-01-17,,CZCE,2021-01-18,SR,1.0,SR2201.CZC,白砂糖201,2022-01-17
10.0,SR203,2022-03-14,,CZCE,2021-03-15,SR,1.0,SR2203.CZC,白砂糖203,2022-03-14
10.0,SR205,2022-05-18,,CZCE,2021-05-20,SR,1.0,SR2205.CZC,白砂糖205,2022-05-18
10.0,SR207,2022-07-14,,CZCE,2021-07-15,SR,1.0,SR2207.CZC,白砂糖207,2022-07-14
10.0,SR209,2022-09-15,,CZCE,2021-09-15,SR,1.0,SR2209.CZC,白砂糖209,2022-09-15
10.0,SR301,2023-01-13,,CZCE,2022-01-18,SR,1.0,SR2301.CZC,白砂糖301,2023-01-13
10.0,SR211,2022-11-14,,CZCE,2021-11-15,SR,1.0,SR2211.CZC,白砂糖211,2022-11-14
10.0,SR8888,2099-01-01,,CZCE,2006-01-06,SR,1.0,SR8888.CZC,白砂糖主力,2099-01-01
10.0,SR0000,2099-01-01,,CZCE,2006-01-06,SR,1.0,SR0000.CZC,白砂糖指数,2099-01-01
10.0,SR9999,2099-01-01,,CZCE,2006-01-06,SR,1.0,SR9999.CZC,白砂糖前复权主力,2099-01-01
100.0,i2110,2021-10-21,,DCE,2020-10-23,I,0.5,I2110.DCE,铁矿石2110,2021-10-26
100.0,i2111,2021-11-12,,DCE,2020-11-16,I,0.5,I2111.DCE,铁矿石2111,2021-11-17
100.0,i2112,2021-12-14,,DCE,2020-12-15,I,0.5,I2112.DCE,铁矿石2112,2021-12-17
100.0,i2201,2022-01-17,,DCE,2021-01-18,I,0.5,I2201.DCE,铁矿石2201,2022-01-20
100.0,i2203,2022-03-14,,DCE,2021-03-15,I,0.5,I2203.DCE,铁矿石2203,2022-03-17
100.0,i2205,2022-05-18,,DCE,2021-05-20,I,0.5,I2205.DCE,铁矿石2205,2022-05-23
100.0,i2204,2022-04-18,,DCE,2021-04-16,I,0.5,I2204.DCE,铁矿石2204,2022-04-21
100.0,i2202,2022-02-18,,DCE,2021-02-22,I,0.5,I2202.DCE,铁矿石2202,2022-02-23
100.0,i2206,2022-06-15,,DCE,2021-06-16,I,0.5,I2206.DCE,铁矿石2206,2022-06-20
100.0,i2207,2022-07-14,,DCE,2021-07-15,I,0.5,I2207.DCE,铁矿石2207,2022-07-19
100.0,i2208,2022-08-12,,DCE,2021-08-16,I,0.5,I2208.DCE,铁矿石2208,2022-08-17
100.0,i2209,2022-09-15,,DCE,2021-09-15,I,0.5,I2209.DCE,铁矿石2209,2022-09-20
100.0,i2301,2023-01-17,,DCE,2022-01-18,I,0.5,I2301.DCE,铁矿石2301,2023-01-20
100.0,i2210,2022-10-21,,DCE,2021-10-22,I,0.5,I2210.DCE,铁矿石2210,2022-10-26
100.0,i2211,2022-11-14,,DCE,2021-11-15,I,0.5,I2211.DCE,铁矿石2211,2022-11-17
100.0,i2212,2022-12-14,,DCE,2021-12-15,I,0.5,I2212.DCE,铁矿石2212,2022-12-19
100.0,i8888,2099-01-01,,DCE,2013-10-18,I,0.5,I8888.DCE,铁矿石主力,2099-01-01
100.0,i0000,2099-01-01,,DCE,2013-10-18,I,0.5,I0000.DCE,铁矿石指数,2099-01-01
100.0,i9999,2099-01-01,,DCE,2013-10-18,I,0.5,I9999.DCE,铁矿石前复权主力,2099-01-01
10.0,MA110,2021-10-21,,CZCE,2020-10-23,MA,1.0,MA2110.CZC,甲醇110,2021-10-21
10.0,MA111,2021-11-12,,CZCE,2020-11-16,MA,1.0,MA2111.CZC,甲醇111,2021-11-12
10.0,MA112,2021-12-14,,CZCE,2020-12-15,MA,1.0,MA2112.CZC,甲醇112,2021-12-14
10.0,MA201,2022-01-17,,CZCE,2021-01-18,MA,1.0,MA2201.CZC,甲醇201,2022-01-17
10.0,MA202,2022-02-18,,CZCE,2021-02-22,MA,1.0,MA2202.CZC,甲醇202,2022-02-18
10.0,MA204,2022-04-18,,CZCE,2021-04-16,MA,1.0,MA2204.CZC,甲醇204,2022-04-18
10.0,MA203,2022-03-14,,CZCE,2021-03-15,MA,1.0,MA2203.CZC,甲醇203,2022-03-14
10.0,MA206,2022-06-15,,CZCE,2021-06-16,MA,1.0,MA2206.CZC,甲醇206,2022-06-15
10.0,MA205,2022-05-18,,CZCE,2021-05-20,MA,1.0,MA2205.CZC,甲醇205,2022-05-18
10.0,MA207,2022-07-14,,CZCE,2021-07-15,MA,1.0,MA2207.CZC,甲醇207,2022-07-14
10.0,MA208,2022-08-12,,CZCE,2021-08-16,MA,1.0,MA2208.CZC,甲醇208,2022-08-12
10.0,MA209,2022-09-15,,CZCE,2021-09-15,MA,1.0,MA2209.CZC,甲醇209,2022-09-15
10.0,MA301,2023-01-13,,CZCE,2022-01-18,MA,1.0,MA2301.CZC,甲醇301,2023-01-13
10.0,MA210,2022-10-21,,CZCE,2021-10-22,MA,1.0,MA2210.CZC,甲醇210,2022-10-21
10.0,MA211,2022-11-14,,CZCE,2021-11-15,MA,1.0,MA2211.CZC,甲醇211,2022-11-14
10.0,MA212,2022-12-14,,CZCE,2021-12-15,MA,1.0,MA2212.CZC,甲醇212,2022-12-14
10.0,MA8888,2099-01-01,,CZCE,2014-06-17,MA,1.0,MA8888.CZC,甲醇主力,2099-01-01
10.0,MA0000,2099-01-01,,CZCE,2014-06-17,MA,1.0,MA0000.CZC,甲醇指数,2099-01-01
10.0,MA9999,2099-01-01,,CZCE,2014-06-17,MA,1.0,MA9999.CZC,甲醇前复权主力,2099-01-01
10.0,m2111,2021-11-12,,DCE,2020-11-16,M,1.0,M2111.DCE,豆粕2111,2021-11-17
10.0,m2112,2021-12-14,,DCE,2020-12-15,M,1.0,M2112.DCE,豆粕2112,2021-12-17
10.0,m2201,2022-01-17,,DCE,2021-01-18,M,1.0,M2201.DCE,豆粕2201,2022-01-20
10.0,m2203,2022-03-14,,DCE,2021-03-15,M,1.0,M2203.DCE,豆粕2203,2022-03-17
10.0,m2205,2022-05-18,,DCE,2021-05-20,M,1.0,M2205.DCE,豆粕2205,2022-05-23
10.0,m2207,2022-07-14,,DCE,2021-07-15,M,1.0,M2207.DCE,豆粕2207,2022-07-19
10.0,m2208,2022-08-12,,DCE,2021-08-16,M,1.0,M2208.DCE,豆粕2208,2022-08-17
10.0,m2209,2022-09-15,,DCE,2021-09-15,M,1.0,M2209.DCE,豆粕2209,2022-09-20
10.0,m2301,2023-01-17,,DCE,2022-01-18,M,1.0,M2301.DCE,豆粕2301,2023-01-20
10.0,m2211,2022-11-14,,DCE,2021-11-15,M,1.0,M2211.DCE,豆粕2211,2022-11-17
10.0,m2212,2022-12-14,,DCE,2021-12-15,M,1.0,M2212.DCE,豆粕2212,2022-12-19
10.0,m8888,2099-01-01,,DCE,2000-07-17,M,1.0,M8888.DCE,豆粕主力,2099-01-01
10.0,m0000,2099-01-01,,DCE,2000-07-17,M,1.0,M0000.DCE,豆粕指数,2099-01-01
10.0,m9999,2099-01-01,,DCE,2000-07-17,M,1.0,M9999.DCE,豆粕前复权主力,2099-01-01
10.0,AP110,2021-10-21,,CZCE,2020-10-23,AP,1.0,AP2110.CZC,鲜苹果110,2021-10-21
10.0,AP111,2021-11-12,,CZCE,2020-11-16,AP,1.0,AP2111.CZC,鲜苹果111,2021-11-12
10.0,AP112,2021-12-14,,CZCE,2020-12-15,AP,1.0,AP2112.CZC,鲜苹果112,2021-12-14
10.0,AP201,2022-01-17,,CZCE,2021-01-18,AP,1.0,AP2201.CZC,鲜苹果201,2022-01-17
10.0,AP204,2022-04-18,,CZCE,2021-04-16,AP,1.0,AP2204.CZC,鲜苹果204,2022-04-18
10.0,AP203,2022-03-14,,CZCE,2021-03-15,AP,1.0,AP2203.CZC,鲜苹果203,2022-03-14
10.0,AP205,2022-05-18,,CZCE,2021-05-20,AP,1.0,AP2205.CZC,鲜苹果205,2022-05-18
10.0,AP301,2023-01-13,,CZCE,2022-01-18,AP,1.0,AP2301.CZC,鲜苹果301,2023-01-13
10.0,AP210,2022-10-21,,CZCE,2021-10-22,AP,1.0,AP2210.CZC,鲜苹果210,2022-10-21
10.0,AP211,2022-11-14,,CZCE,2021-11-15,AP,1.0,AP2211.CZC,鲜苹果211,2022-11-14
10.0,AP212,2022-12-14,,CZCE,2021-12-15,AP,1.0,AP2212.CZC,鲜苹果212,2022-12-14
10.0,AP8888,2099-01-01,,CZCE,2017-12-22,AP,1.0,AP8888.CZC,鲜苹果主力,2099-01-01
10.0,AP0000,2099-01-01,,CZCE,2017-12-22,AP,1.0,AP0000.CZC,鲜苹果指数,2099-01-01
10.0,AP9999,2099-01-01,,CZCE,2017-12-22,AP,1.0,AP9999.CZC,鲜苹果前复权主力,2099-01-01
1.0,ni2110,2021-10-15,,SHFE,2020-10-16,NI,10.0,NI2110.SHF,镍2110,2021-10-20
1.0,ni2111,2021-11-15,,SHFE,2020-11-17,NI,10.0,NI2111.SHF,镍2111,2021-11-18
1.0,ni2112,2021-12-15,,SHFE,2020-12-16,NI,10.0,NI2112.SHF,镍2112,2021-12-20
1.0,ni2201,2022-01-17,,SHFE,2021-01-18,NI,10.0,NI2201.SHF,镍2201,2022-01-20
1.0,ni2202,2022-02-15,,SHFE,2021-02-08,NI,10.0,NI2202.SHF,镍2202,2022-02-18
1.0,ni2205,2022-05-16,,SHFE,2021-05-18,NI,10.0,NI2205.SHF,镍2205,2022-05-19
1.0,ni2203,2022-03-15,,SHFE,2021-03-16,NI,10.0,NI2203.SHF,镍2203,2022-03-18
1.0,ni2204,2022-04-15,,SHFE,2021-04-16,NI,10.0,NI2204.SHF,镍2204,2022-04-20
1.0,ni2206,2022-06-15,,SHFE,2021-06-16,NI,10.0,NI2206.SHF,镍2206,2022-06-20
1.0,ni2207,2022-07-15,,SHFE,2021-07-16,NI,10.0,NI2207.SHF,镍2207,2022-07-20
1.0,ni2208,2022-08-15,,SHFE,2021-08-17,NI,10.0,NI2208.SHF,镍2208,2022-08-18
1.0,ni2209,2022-09-15,,SHFE,2021-09-16,NI,10.0,NI2209.SHF,镍2209,2022-09-20
1.0,ni2210,2022-10-17,,SHFE,2021-10-18,NI,10.0,NI2210.SHF,镍2210,2022-10-20
1.0,ni2212,2022-12-15,,SHFE,2021-12-16,NI,10.0,NI2212.SHF,镍2212,2022-12-20
1.0,ni2301,2023-01-16,,SHFE,2022-01-18,NI,10.0,NI2301.SHF,镍2301,2023-01-19
1.0,ni2211,2022-11-15,,SHFE,2021-11-16,NI,10.0,NI2211.SHF,镍2211,2022-11-18
1.0,ni8888,2099-01-01,,SHFE,2015-03-27,NI,10.0,NI8888.SHF,镍主力,2099-01-01
1.0,ni0000,2099-01-01,,SHFE,2015-03-27,NI,10.0,NI0000.SHF,镍指数,2099-01-01
1.0,ni9999,2099-01-01,,SHFE,2015-03-27,NI,10.0,NI9999.SHF,镍前复权主力,2099-01-01
10.0,fu2111,2021-10-29,,SHFE,2020-11-02,FU,1.0,FU2111.SHF,燃料油2111,2021-11-03
10.0,fu2112,2021-11-30,,SHFE,2020-12-01,FU,1.0,FU2112.SHF,燃料油2112,2021-12-03
10.0,fu2201,2021-12-23,,SHFE,2020-12-25,FU,1.0,FU2201.SHF,燃料油2201,2021-12-28
10.0,fu2202,2022-01-21,,SHFE,2021-02-01,FU,1.0,FU2202.SHF,燃料油2202,2022-01-26
10.0,fu2203,2022-02-28,,SHFE,2021-03-01,FU,1.0,FU2203.SHF,燃料油2203,2022-03-03
10.0,fu2205,2022-04-29,,SHFE,2021-05-06,FU,1.0,FU2205.SHF,燃料油2205,2022-05-09
10.0,fu2206,2022-05-31,,SHFE,2021-06-01,FU,1.0,FU2206.SHF,燃料油2206,2022-06-06
10.0,fu2204,2022-03-31,,SHFE,2021-04-01,FU,1.0,FU2204.SHF,燃料油2204,2022-04-07
10.0,fu2209,2022-08-31,,SHFE,2021-09-01,FU,1.0,FU2209.SHF,燃料油2209,2022-09-05
10.0,fu2207,2022-06-30,,SHFE,2021-07-01,FU,1.0,FU2207.SHF,燃料油2207,2022-07-05
10.0,fu2208,2022-07-29,,SHFE,2021-08-02,FU,1.0,FU2208.SHF,燃料油2208,2022-08-03
10.0,fu2210,2022-09-23,,SHFE,2021-09-24,FU,1.0,FU2210.SHF,燃料油2210,2022-09-28
10.0,fu2302,2023-01-31,,SHFE,2022-01-24,FU,1.0,FU2302.SHF,燃料油2302,2023-02-03
10.0,fu2211,2022-10-31,,SHFE,2021-11-01,FU,1.0,FU2211.SHF,燃料油2211,2022-11-03
10.0,fu2212,2022-11-30,,SHFE,2021-12-01,FU,1.0,FU2212.SHF,燃料油2212,2022-12-05
10.0,fu2301,2022-12-30,,SHFE,2021-12-24,FU,1.0,FU2301.SHF,燃料油2301,2023-01-06
10.0,fu8888,2099-01-01,,SHFE,2004-08-25,FU,1.0,FU8888.SHF,燃料油主力,2099-01-01
10.0,fu0000,2099-01-01,,SHFE,2004-08-25,FU,1.0,FU0000.SHF,燃料油指数,2099-01-01
10.0,fu9999,2099-01-01,,SHFE,2004-08-25,FU,1.0,FU9999.SHF,燃料油前复权主力,2099-01-01
10.0,jd2110,2021-10-26,,DCE,2020-10-28,JD,1.0,JD2110.DCE,鲜鸡蛋2110,2021-10-29
10.0,jd2111,2021-11-25,,DCE,2020-11-26,JD,1.0,JD2111.DCE,鲜鸡蛋2111,2021-11-30
10.0,jd2112,2021-12-28,,DCE,2020-12-29,JD,1.0,JD2112.DCE,鲜鸡蛋2112,2021-12-31
10.0,jd2201,2022-01-25,,DCE,2021-01-27,JD,1.0,JD2201.DCE,鲜鸡蛋2201,2022-01-28
10.0,jd2204,2022-04-26,,DCE,2021-04-28,JD,1.0,JD2204.DCE,鲜鸡蛋2204,2022-04-29
10.0,jd2202,2022-02-23,,DCE,2021-02-24,JD,1.0,JD2202.DCE,鲜鸡蛋2202,2022-02-28
10.0,jd2203,2022-03-28,,DCE,2021-03-29,JD,1.0,JD2203.DCE,鲜鸡蛋2203,2022-03-31
10.0,jd2205,2022-05-26,,DCE,2021-05-27,JD,1.0,JD2205.DCE,鲜鸡蛋2205,2022-05-31
10.0,jd2207,2022-07-26,,DCE,2021-07-28,JD,1.0,JD2207.DCE,鲜鸡蛋2207,2022-07-29
10.0,jd2206,2022-06-27,,DCE,2021-06-28,JD,1.0,JD2206.DCE,鲜鸡蛋2206,2022-06-30
10.0,jd2208,2022-08-26,,DCE,2021-08-27,JD,1.0,JD2208.DCE,鲜鸡蛋2208,2022-08-31
10.0,jd2209,2022-09-27,,DCE,2021-09-28,JD,1.0,JD2209.DCE,鲜鸡蛋2209,2022-09-30
10.0,jd2301,2023-01-25,,DCE,2022-01-26,JD,1.0,JD2301.DCE,鲜鸡蛋2301,2023-01-30
10.0,jd2210,2022-10-26,,DCE,2021-10-27,JD,1.0,JD2210.DCE,鲜鸡蛋2210,2022-10-31
10.0,jd2212,2022-12-27,,DCE,2021-12-29,JD,1.0,JD2212.DCE,鲜鸡蛋2212,2022-12-30
10.0,jd2211,2022-11-25,,DCE,2021-11-26,JD,1.0,JD2211.DCE,鲜鸡蛋2211,2022-11-30
10.0,jd8888,2099-01-01,,DCE,2013-11-08,JD,1.0,JD8888.DCE,鲜鸡蛋主力,2099-01-01
10.0,jd0000,2099-01-01,,DCE,2013-11-08,JD,1.0,JD0000.DCE,鲜鸡蛋指数,2099-01-01
10.0,jd9999,2099-01-01,,DCE,2013-11-08,JD,1.0,JD9999.DCE,鲜鸡蛋前复权主力,2099-01-01
500.0,bb2110,2021-10-21,,DCE,2020-10-23,BB,0.05,BB2110.DCE,细木工板2110,2021-10-26
500.0,bb2111,2021-11-12,,DCE,2020-11-16,BB,0.05,BB2111.DCE,细木工板2111,2021-11-17
500.0,bb2112,2021-12-14,,DCE,2020-12-15,BB,0.05,BB2112.DCE,细木工板2112,2021-12-17
500.0,bb2201,2022-01-17,,DCE,2021-01-18,BB,0.05,BB2201.DCE,细木工板2201,2022-01-20
500.0,bb2202,2022-02-18,,DCE,2021-02-22,BB,0.05,BB2202.DCE,细木工板2202,2022-02-23
500.0,bb2204,2022-04-18,,DCE,2021-04-16,BB,0.05,BB2204.DCE,细木工板2204,2022-04-21
500.0,bb2203,2022-03-14,,DCE,2021-03-15,BB,0.05,BB2203.DCE,细木工板2203,2022-03-17
500.0,bb2206,2022-06-15,,DCE,2021-06-16,BB,0.05,BB2206.DCE,细木工板2206,2022-06-20
500.0,bb2205,2022-05-18,,DCE,2021-05-20,BB,0.05,BB2205.DCE,细木工板2205,2022-05-23
500.0,bb2207,2022-07-14,,DCE,2021-07-15,BB,0.05,BB2207.DCE,细木工板2207,2022-07-19
500.0,bb2208,2022-08-12,,DCE,2021-08-16,BB,0.05,BB2208.DCE,细木工板2208,2022-08-17
500.0,bb2209,2022-09-15,,DCE,2021-09-15,BB,0.05,BB2209.DCE,细木工板2209,2022-09-20
500.0,bb2301,2023-01-17,,DCE,2022-01-18,BB,0.05,BB2301.DCE,细木工板2301,2023-01-20
500.0,bb2210,2022-10-21,,DCE,2021-10-22,BB,0.05,BB2210.DCE,细木工板2210,2022-10-26
500.0,bb2211,2022-11-14,,DCE,2021-11-15,BB,0.05,BB2211.DCE,细木工板2211,2022-11-17
500.0,bb2212,2022-12-14,,DCE,2021-12-15,BB,0.05,BB2212.DCE,细木工板2212,2022-12-19
500.0,bb8888,2099-01-01,,DCE,2013-12-06,BB,0.05,BB8888.DCE,细木工板主力,2099-01-01
500.0,bb0000,2099-01-01,,DCE,2013-12-06,BB,0.05,BB0000.DCE,细木工板指数,2099-01-01
500.0,bb9999,2099-01-01,,DCE,2013-12-06,BB,0.05,BB9999.DCE,细木工板前复权主力,2099-01-01
20.0,LR111,2021-11-12,,CZCE,2020-11-16,LR,1.0,LR2111.CZC,晚籼稻111,2021-11-12
20.0,LR201,2022-01-17,,CZCE,2021-01-18,LR,1.0,LR2201.CZC,晚籼稻201,2022-01-17
20.0,LR203,2022-03-14,,CZCE,2021-03-15,LR,1.0,LR2203.CZC,晚籼稻203,2022-03-14
20.0,LR205,2022-05-18,,CZCE,2021-05-20,LR,1.0,LR2205.CZC,晚籼稻205,2022-05-18
20.0,LR207,2022-07-14,,CZCE,2021-07-15,LR,1.0,LR2207.CZC,晚籼稻207,2022-07-14
20.0,LR209,2022-09-15,,CZCE,2021-09-15,LR,1.0,LR2209.CZC,晚籼稻209,2022-09-15
20.0,LR301,2023-01-13,,CZCE,2022-01-18,LR,1.0,LR2301.CZC,晚籼稻301,2023-01-13
20.0,LR211,2022-11-14,,CZCE,2021-11-15,LR,1.0,LR2211.CZC,晚籼稻211,2022-11-14
20.0,LR8888,2099-01-01,,CZCE,2014-07-08,LR,1.0,LR8888.CZC,晚籼稻主力,2099-01-01
20.0,LR0000,2099-01-01,,CZCE,2014-07-08,LR,1.0,LR0000.CZC,晚籼稻指数,2099-01-01
20.0,LR9999,2099-01-01,,CZCE,2014-07-08,LR,1.0,LR9999.CZC,晚籼稻前复权主力,2099-01-01
100.0,ZC110,2021-10-14,,CZCE,2020-10-16,ZC,0.2,ZC2110.CZC,动力煤110,2021-10-14
100.0,ZC111,2021-11-05,,CZCE,2020-11-09,ZC,0.2,ZC2111.CZC,动力煤111,2021-11-05
100.0,ZC112,2021-12-07,,CZCE,2020-12-08,ZC,0.2,ZC2112.CZC,动力煤112,2021-12-07
100.0,ZC201,2022-01-10,,CZCE,2021-01-11,ZC,0.2,ZC2201.CZC,动力煤201,2022-01-10
100.0,ZC202,2022-02-11,,CZCE,2021-02-08,ZC,0.2,ZC2202.CZC,动力煤202,2022-02-11
100.0,ZC205,2022-05-11,,CZCE,2021-05-13,ZC,0.2,ZC2205.CZC,动力煤205,2022-05-11
100.0,ZC204,2022-04-11,,CZCE,2021-04-09,ZC,0.2,ZC2204.CZC,动力煤204,2022-04-11
100.0,ZC203,2022-03-07,,CZCE,2021-03-08,ZC,0.2,ZC2203.CZC,动力煤203,2022-03-07
100.0,ZC206,2022-06-08,,CZCE,2021-06-08,ZC,0.2,ZC2206.CZC,动力煤206,2022-06-08
100.0,ZC208,2022-08-05,,CZCE,2021-08-09,ZC,0.2,ZC2208.CZC,动力煤208,2022-08-05
100.0,ZC207,2022-07-07,,CZCE,2021-07-08,ZC,0.2,ZC2207.CZC,动力煤207,2022-07-07
100.0,ZC209,2022-09-07,,CZCE,2021-09-08,ZC,0.2,ZC2209.CZC,动力煤209,2022-09-07
100.0,ZC210,2022-10-14,,CZCE,2021-10-15,ZC,0.2,ZC2210.CZC,动力煤210,2022-10-14
100.0,ZC211,2022-11-07,,CZCE,2021-11-08,ZC,0.2,ZC2211.CZC,动力煤211,2022-11-07
100.0,ZC212,2022-12-07,,CZCE,2021-12-08,ZC,0.2,ZC2212.CZC,动力煤212,2022-12-07
100.0,ZC301,2023-01-06,,CZCE,2022-01-11,ZC,0.2,ZC2301.CZC,动力煤301,2023-01-06
100.0,ZC8888,2099-01-01,,CZCE,2015-05-18,ZC,0.2,ZC8888.CZC,动力煤主力,2099-01-01
100.0,ZC0000,2099-01-01,,CZCE,2015-05-18,ZC,0.2,ZC0000.CZC,动力煤指数,2099-01-01
100.0,ZC9999,2099-01-01,,CZCE,2015-05-18,ZC,0.2,ZC9999.CZC,动力煤前复权主力,2099-01-01
10.0,OI111,2021-11-12,,CZCE,2020-11-16,OI,1.0,OI2111.CZC,菜籽油111,2021-11-12
10.0,OI201,2022-01-17,,CZCE,2021-01-18,OI,1.0,OI2201.CZC,菜籽油201,2022-01-17
10.0,OI203,2022-03-14,,CZCE,2021-03-15,OI,1.0,OI2203.CZC,菜籽油203,2022-03-14
10.0,OI205,2022-05-18,,CZCE,2021-05-20,OI,1.0,OI2205.CZC,菜籽油205,2022-05-18
10.0,OI207,2022-07-14,,CZCE,2021-07-15,OI,1.0,OI2207.CZC,菜籽油207,2022-07-14
10.0,OI209,2022-09-15,,CZCE,2021-09-15,OI,1.0,OI2209.CZC,菜籽油209,2022-09-15
10.0,OI301,2023-01-13,,CZCE,2022-01-18,OI,1.0,OI2301.CZC,菜籽油301,2023-01-13
10.0,OI211,2022-11-14,,CZCE,2021-11-15,OI,1.0,OI2211.CZC,菜籽油211,2022-11-14
10.0,OI8888,2099-01-01,,CZCE,2012-07-16,OI,1.0,OI8888.CZC,菜籽油主力,2099-01-01
10.0,OI0000,2099-01-01,,CZCE,2012-07-16,OI,1.0,OI0000.CZC,菜籽油指数,2099-01-01
10.0,OI9999,2099-01-01,,CZCE,2012-07-16,OI,1.0,OI9999.CZC,菜籽油前复权主力,2099-01-01
10.0,rr2110,2021-10-21,,DCE,2020-10-23,RR,1.0,RR2110.DCE,粳米2110,2021-10-26
10.0,rr2111,2021-11-12,,DCE,2020-11-16,RR,1.0,RR2111.DCE,粳米2111,2021-11-17
10.0,rr2112,2021-12-14,,DCE,2020-12-15,RR,1.0,RR2112.DCE,粳米2112,2021-12-17
10.0,rr2201,2022-01-17,,DCE,2021-01-18,RR,1.0,RR2201.DCE,粳米2201,2022-01-20
10.0,rr2202,2022-02-18,,DCE,2021-02-22,RR,1.0,RR2202.DCE,粳米2202,2022-02-23
10.0,rr2203,2022-03-14,,DCE,2021-03-15,RR,1.0,RR2203.DCE,粳米2203,2022-03-17
10.0,rr2204,2022-04-18,,DCE,2021-04-16,RR,1.0,RR2204.DCE,粳米2204,2022-04-21
10.0,rr2206,2022-06-15,,DCE,2021-06-16,RR,1.0,RR2206.DCE,粳米2206,2022-06-20
10.0,rr2205,2022-05-18,,DCE,2021-05-20,RR,1.0,RR2205.DCE,粳米2205,2022-05-23
10.0,rr2207,2022-07-14,,DCE,2021-07-15,RR,1.0,RR2207.DCE,粳米2207,2022-07-19
10.0,rr2208,2022-08-12,,DCE,2021-08-16,RR,1.0,RR2208.DCE,粳米2208,2022-08-17
10.0,rr2209,2022-09-15,,DCE,2021-09-15,RR,1.0,RR2209.DCE,粳米2209,2022-09-20
10.0,rr2301,2023-01-17,,DCE,2022-01-18,RR,1.0,RR2301.DCE,粳米2301,2023-01-20
10.0,rr2210,2022-10-21,,DCE,2021-10-22,RR,1.0,RR2210.DCE,粳米2210,2022-10-26
10.0,rr2211,2022-11-14,,DCE,2021-11-15,RR,1.0,RR2211.DCE,粳米2211,2022-11-17
10.0,rr2212,2022-12-14,,DCE,2021-12-15,RR,1.0,RR2212.DCE,粳米2212,2022-12-19
10.0,rr8888,2099-01-01,,DCE,2019-08-16,RR,1.0,RR8888.DCE,粳米主力,2099-01-01
10.0,rr0000,2099-01-01,,DCE,2019-08-16,RR,1.0,RR0000.DCE,粳米指数,2099-01-01
10.0,rr9999,2099-01-01,,DCE,2019-08-16,RR,1.0,RR9999.DCE,粳米前复权主力,2099-01-01
5.0,SF110,2021-10-21,,CZCE,2020-10-23,SF,2.0,SF2110.CZC,硅铁110,2021-10-21
5.0,SF111,2021-11-12,,CZCE,2020-11-16,SF,2.0,SF2111.CZC,硅铁111,2021-11-12
5.0,SF112,2021-12-14,,CZCE,2020-12-15,SF,2.0,SF2112.CZC,硅铁112,2021-12-14
5.0,SF201,2022-01-17,,CZCE,2021-01-18,SF,2.0,SF2201.CZC,硅铁201,2022-01-17
5.0,SF202,2022-02-18,,CZCE,2021-02-22,SF,2.0,SF2202.CZC,硅铁202,2022-02-18
5.0,SF204,2022-04-18,,CZCE,2021-04-16,SF,2.0,SF2204.CZC,硅铁204,2022-04-18
5.0,SF203,2022-03-14,,CZCE,2021-03-15,SF,2.0,SF2203.CZC,硅铁203,2022-03-14
5.0,SF206,2022-06-15,,CZCE,2021-06-16,SF,2.0,SF2206.CZC,硅铁206,2022-06-15
5.0,SF205,2022-05-18,,CZCE,2021-05-20,SF,2.0,SF2205.CZC,硅铁205,2022-05-18
5.0,SF207,2022-07-14,,CZCE,2021-07-15,SF,2.0,SF2207.CZC,硅铁207,2022-07-14
5.0,SF208,2022-08-12,,CZCE,2021-08-16,SF,2.0,SF2208.CZC,硅铁208,2022-08-12
5.0,SF209,2022-09-15,,CZCE,2021-09-15,SF,2.0,SF2209.CZC,硅铁209,2022-09-15
5.0,SF301,2023-01-13,,CZCE,2022-01-18,SF,2.0,SF2301.CZC,硅铁301,2023-01-13
5.0,SF210,2022-10-21,,CZCE,2021-10-22,SF,2.0,SF2210.CZC,硅铁210,2022-10-21
5.0,SF211,2022-11-14,,CZCE,2021-11-15,SF,2.0,SF2211.CZC,硅铁211,2022-11-14
5.0,SF212,2022-12-14,,CZCE,2021-12-15,SF,2.0,SF2212.CZC,硅铁212,2022-12-14
5.0,SF8888,2099-01-01,,CZCE,2014-08-08,SF,2.0,SF8888.CZC,硅铁主力,2099-01-01
5.0,SF0000,2099-01-01,,CZCE,2014-08-08,SF,2.0,SF0000.CZC,硅铁指数,2099-01-01
5.0,SF9999,2099-01-01,,CZCE,2014-08-08,SF,2.0,SF9999.CZC,硅铁前复权主力,2099-01-01
10000.0,TF2112,2021-12-10,,CFFEX,2021-03-15,TF,0.005,TF2112.CFX,5年期国债2112,2021-12-15
10000.0,TF2203,2022-03-11,,CFFEX,2021-06-15,TF,0.005,TF2203.CFX,5年期国债2203,2022-03-16
10000.0,TF2206,2022-06-10,,CFFEX,2021-09-13,TF,0.005,TF2206.CFX,5年期国债2206,2022-06-15
10000.0,TF2209,2022-09-09,,CFFEX,2021-12-13,TF,0.005,TF2209.CFX,5年期国债2209,2022-09-15
10000.0,TF8888,2099-01-01,,CFFEX,2013-09-06,TF,0.005,TF8888.CFX,5年期国债主力,2099-01-01
10000.0,TF0000,2099-01-01,,CFFEX,2013-09-06,TF,0.005,TF0000.CFX,5年期国债指数,2099-01-01
10000.0,TF9999,2099-01-01,,CFFEX,2013-09-06,TF,0.005,TF9999.CFX,5年期国债前复权主力,2099-01-01
10.0,ru2110,2021-10-15,,SHFE,2020-10-16,RU,5.0,RU2110.SHF,天然橡胶2110,2021-10-20
10.0,ru2111,2021-11-15,,SHFE,2020-11-17,RU,5.0,RU2111.SHF,天然橡胶2111,2021-11-18
10.0,ru2201,2022-01-17,,SHFE,2021-01-18,RU,5.0,RU2201.SHF,天然橡胶2201,2022-01-20
10.0,ru2205,2022-05-16,,SHFE,2021-05-18,RU,5.0,RU2205.SHF,天然橡胶2205,2022-05-19
10.0,ru2203,2022-03-15,,SHFE,2021-03-16,RU,5.0,RU2203.SHF,天然橡胶2203,2022-03-18
10.0,ru2204,2022-04-15,,SHFE,2021-04-16,RU,5.0,RU2204.SHF,天然橡胶2204,2022-04-20
10.0,ru2206,2022-06-15,,SHFE,2021-06-16,RU,5.0,RU2206.SHF,天然橡胶2206,2022-06-20
10.0,ru2207,2022-07-15,,SHFE,2021-07-16,RU,5.0,RU2207.SHF,天然橡胶2207,2022-07-20
10.0,ru2208,2022-08-15,,SHFE,2021-08-17,RU,5.0,RU2208.SHF,天然橡胶2208,2022-08-18
10.0,ru2209,2022-09-15,,SHFE,2021-09-16,RU,5.0,RU2209.SHF,天然橡胶2209,2022-09-20
10.0,ru2210,2022-10-17,,SHFE,2021-10-18,RU,5.0,RU2210.SHF,天然橡胶2210,2022-10-20
10.0,ru2301,2023-01-16,,SHFE,2022-01-18,RU,5.0,RU2301.SHF,天然橡胶2301,2023-01-19
10.0,ru2211,2022-11-15,,SHFE,2021-11-16,RU,5.0,RU2211.SHF,天然橡胶2211,2022-11-18
10.0,ru8888,2099-01-01,,SHFE,1995-05-16,RU,5.0,RU8888.SHF,天然橡胶主力,2099-01-01
10.0,ru0000,2099-01-01,,SHFE,1995-05-16,RU,5.0,RU0000.SHF,天然橡胶指数,2099-01-01
10.0,ru9999,2099-01-01,,SHFE,1995-05-16,RU,5.0,RU9999.SHF,天然橡胶前复权主力,2099-01-01
5.0,pp2110,2021-10-21,,DCE,2020-10-23,PP,1.0,PP2110.DCE,聚丙烯2110,2021-10-26
5.0,pp2111,2021-11-12,,DCE,2020-11-16,PP,1.0,PP2111.DCE,聚丙烯2111,2021-11-17
5.0,pp2112,2021-12-14,,DCE,2020-12-15,PP,1.0,PP2112.DCE,聚丙烯2112,2021-12-17
5.0,pp2201,2022-01-17,,DCE,2021-01-18,PP,1.0,PP2201.DCE,聚丙烯2201,2022-01-20
5.0,pp2203,2022-03-14,,DCE,2021-03-15,PP,1.0,PP2203.DCE,聚丙烯2203,2022-03-17
5.0,pp2205,2022-05-18,,DCE,2021-05-20,PP,1.0,PP2205.DCE,聚丙烯2205,2022-05-23
5.0,pp2204,2022-04-18,,DCE,2021-04-16,PP,1.0,PP2204.DCE,聚丙烯2204,2022-04-21
5.0,pp2202,2022-02-18,,DCE,2021-02-22,PP,1.0,PP2202.DCE,聚丙烯2202,2022-02-23
5.0,pp2206,2022-06-15,,DCE,2021-06-16,PP,1.0,PP2206.DCE,聚丙烯2206,2022-06-20
5.0,pp2207,2022-07-14,,DCE,2021-07-15,PP,1.0,PP2207.DCE,聚丙烯2207,2022-07-19
5.0,pp2208,2022-08-12,,DCE,2021-08-16,PP,1.0,PP2208.DCE,聚丙烯2208,2022-08-17
5.0,pp2209,2022-09-15,,DCE,2021-09-15,PP,1.0,PP2209.DCE,聚丙烯2209,2022-09-20
5.0,pp2301,2023-01-17,,DCE,2022-01-18,PP,1.0,PP2301.DCE,聚丙烯2301,2023-01-20
5.0,pp2210,2022-10-21,,DCE,2021-10-22,PP,1.0,PP2210.DCE,聚丙烯2210,2022-10-26
5.0,pp2211,2022-11-14,,DCE,2021-11-15,PP,1.0,PP2211.DCE,聚丙烯2211,2022-11-17
5.0,pp2212,2022-12-14,,DCE,2021-12-15,PP,1.0,PP2212.DCE,聚丙烯2212,2022-12-19
5.0,pp8888,2099-01-01,,DCE,2014-02-28,PP,1.0,PP8888.DCE,聚丙烯主力,2099-01-01
5.0,pp0000,2099-01-01,,DCE,2014-02-28,PP,1.0,PP0000.DCE,聚丙烯指数,2099-01-01
5.0,pp9999,2099-01-01,,DCE,2014-02-28,PP,1.0,PP9999.DCE,聚丙烯前复权主力,2099-01-01
5.0,pb2110,2021-10-15,,SHFE,2020-10-16,PB,5.0,PB2110.SHF,铅2110,2021-10-20
5.0,pb2111,2021-11-15,,SHFE,2020-11-17,PB,5.0,PB2111.SHF,铅2111,2021-11-18
5.0,pb2112,2021-12-15,,SHFE,2020-12-16,PB,5.0,PB2112.SHF,铅2112,2021-12-20
5.0,pb2201,2022-01-17,,SHFE,2021-01-18,PB,5.0,PB2201.SHF,铅2201,2022-01-20
5.0,pb2202,2022-02-15,,SHFE,2021-02-08,PB,5.0,PB2202.SHF,铅2202,2022-02-18
5.0,pb2205,2022-05-16,,SHFE,2021-05-18,PB,5.0,PB2205.SHF,铅2205,2022-05-19
5.0,pb2203,2022-03-15,,SHFE,2021-03-16,PB,5.0,PB2203.SHF,铅2203,2022-03-18
5.0,pb2204,2022-04-15,,SHFE,2021-04-16,PB,5.0,PB2204.SHF,铅2204,2022-04-20
5.0,pb2206,2022-06-15,,SHFE,2021-06-16,PB,5.0,PB2206.SHF,铅2206,2022-06-20
5.0,pb2207,2022-07-15,,SHFE,2021-07-16,PB,5.0,PB2207.SHF,铅2207,2022-07-20
5.0,pb2208,2022-08-15,,SHFE,2021-08-17,PB,5.0,PB2208.SHF,铅2208,2022-08-18
5.0,pb2209,2022-09-15,,SHFE,2021-09-16,PB,5.0,PB2209.SHF,铅2209,2022-09-20
5.0,pb2210,2022-10-17,,SHFE,2021-10-18,PB,5.0,PB2210.SHF,铅2210,2022-10-20
5.0,pb2212,2022-12-15,,SHFE,2021-12-16,PB,5.0,PB2212.SHF,铅2212,2022-12-20
5.0,pb2301,2023-01-16,,SHFE,2022-01-18,PB,5.0,PB2301.SHF,铅2301,2023-01-19
5.0,pb2211,2022-11-15,,SHFE,2021-11-16,PB,5.0,PB2211.SHF,铅2211,2022-11-18
5.0,pb8888,2099-01-01,,SHFE,2011-03-24,PB,5.0,PB8888.SHF,铅主力,2099-01-01
5.0,pb0000,2099-01-01,,SHFE,2011-03-24,PB,5.0,PB0000.SHF,铅指数,2099-01-01
5.0,pb9999,2099-01-01,,SHFE,2011-03-24,PB,5.0,PB9999.SHF,铅前复权主力,2099-01-01
5.0,PF110,2021-10-21,,CZCE,2020-10-23,PF,2.0,PF2110.CZC,短纤110,2021-10-21
5.0,PF111,2021-11-12,,CZCE,2020-11-16,PF,2.0,PF2111.CZC,短纤111,2021-11-12
5.0,PF112,2021-12-14,,CZCE,2020-12-15,PF,2.0,PF2112.CZC,短纤112,2021-12-14
5.0,PF201,2022-01-17,,CZCE,2021-01-18,PF,2.0,PF2201.CZC,短纤201,2022-01-17
5.0,PF203,2022-03-14,,CZCE,2021-03-15,PF,2.0,PF2203.CZC,短纤203,2022-03-14
5.0,PF205,2022-05-18,,CZCE,2021-05-20,PF,2.0,PF2205.CZC,短纤205,2022-05-18
5.0,PF204,2022-04-18,,CZCE,2021-04-16,PF,2.0,PF2204.CZC,短纤204,2022-04-18
5.0,PF202,2022-02-18,,CZCE,2021-02-22,PF,2.0,PF2202.CZC,短纤202,2022-02-18
5.0,PF206,2022-06-15,,CZCE,2021-06-16,PF,2.0,PF2206.CZC,短纤206,2022-06-15
5.0,PF207,2022-07-14,,CZCE,2021-07-15,PF,2.0,PF2207.CZC,短纤207,2022-07-14
5.0,PF209,2022-09-15,,CZCE,2021-09-15,PF,2.0,PF2209.CZC,短纤209,2022-09-15
5.0,PF208,2022-08-12,,CZCE,2021-08-16,PF,2.0,PF2208.CZC,短纤208,2022-08-12
5.0,PF210,2022-10-21,,CZCE,2021-10-22,PF,2.0,PF2210.CZC,短纤210,2022-10-21
5.0,PF301,2023-01-13,,CZCE,2022-01-18,PF,2.0,PF2301.CZC,短纤301,2023-01-13
5.0,PF211,2022-11-14,,CZCE,2021-11-15,PF,2.0,PF2211.CZC,短纤211,2022-11-14
5.0,PF212,2022-12-14,,CZCE,2021-12-15,PF,2.0,PF2212.CZC,短纤212,2022-12-14
5.0,PF8888,2099-01-01,,CZCE,2020-10-12,PF,2.0,PF8888.CZC,短纤主力,2099-01-01
5.0,PF0000,2099-01-01,,CZCE,2020-10-12,PF,2.0,PF0000.CZC,短纤指数,2099-01-01
5.0,PF9999,2099-01-01,,CZCE,2020-10-12,PF,2.0,PF9999.CZC,短纤前复权主力,2099-01-01
5.0,PK110,2021-10-21,,CZCE,2021-02-01,PK,2.0,PK2110.CZC,花生仁110,2021-10-21
5.0,PK111,2021-11-12,,CZCE,2021-02-01,PK,2.0,PK2111.CZC,花生仁111,2021-11-12
5.0,PK112,2021-12-14,,CZCE,2021-02-01,PK,2.0,PK2112.CZC,花生仁112,2021-12-14
5.0,PK201,2022-01-17,,CZCE,2021-02-01,PK,2.0,PK2201.CZC,花生仁201,2022-01-17
5.0,PK203,2022-03-14,,CZCE,2021-03-15,PK,2.0,PK2203.CZC,花生仁203,2022-03-14
5.0,PK204,2022-04-18,,CZCE,2021-04-16,PK,2.0,PK2204.CZC,花生仁204,2022-04-18
5.0,PK210,2022-10-21,,CZCE,2021-10-22,PK,2.0,PK2210.CZC,花生仁210,2022-10-21
5.0,PK301,2023-01-13,,CZCE,2022-01-18,PK,2.0,PK2301.CZC,花生仁301,2023-01-13
5.0,PK211,2022-11-14,,CZCE,2021-11-15,PK,2.0,PK2211.CZC,花生仁211,2022-11-14
5.0,PK212,2022-12-14,,CZCE,2021-12-15,PK,2.0,PK2212.CZC,花生仁212,2022-12-14
5.0,PK8888,2099-01-01,,CZCE,2021-02-01,PK,2.0,PK8888.CZC,花生仁主力,2099-01-01
5.0,PK0000,2099-01-01,,CZCE,2021-02-01,PK,2.0,PK0000.CZC,花生仁指数,2099-01-01
5.0,PK9999,2099-01-01,,CZCE,2021-02-01,PK,2.0,PK9999.CZC,花生仁前复权主力,2099-01-01
10.0,ER8888,2099-01-01,人民币元/吨,CZCE,2009-04-20,ER,1.0,ER8888.CZC,早籼稻主力,2013-05-27
10.0,ER0000,2099-01-01,人民币元/吨,CZCE,2009-04-20,ER,1.0,ER0000.CZC,早籼稻指数,2013-05-27
10.0,ER9999,2099-01-01,人民币元/吨,CZCE,2009-04-20,ER,1.0,ER9999.CZC,早籼稻前复权主力,2013-05-27
50.0,PM111,2021-11-12,,CZCE,2020-11-16,PM,1.0,PM2111.CZC,普通小麦111,2021-11-12
50.0,PM201,2022-01-17,,CZCE,2021-01-18,PM,1.0,PM2201.CZC,普通小麦201,2022-01-17
50.0,PM203,2022-03-14,,CZCE,2021-03-15,PM,1.0,PM2203.CZC,普通小麦203,2022-03-14
50.0,PM205,2022-05-18,,CZCE,2021-05-20,PM,1.0,PM2205.CZC,普通小麦205,2022-05-18
50.0,PM207,2022-07-14,,CZCE,2021-07-15,PM,1.0,PM2207.CZC,普通小麦207,2022-07-14
50.0,PM209,2022-09-15,,CZCE,2021-09-15,PM,1.0,PM2209.CZC,普通小麦209,2022-09-15
50.0,PM301,2023-01-13,,CZCE,2022-01-18,PM,1.0,PM2301.CZC,普通小麦301,2023-01-13
50.0,PM211,2022-11-14,,CZCE,2021-11-15,PM,1.0,PM2211.CZC,普通小麦211,2022-11-14
50.0,PM8888,2099-01-01,,CZCE,2012-01-17,PM,1.0,PM8888.CZC,普通小麦主力,2099-01-01
50.0,PM0000,2099-01-01,,CZCE,2012-01-17,PM,1.0,PM0000.CZC,普通小麦指数,2099-01-01
50.0,PM9999,2099-01-01,,CZCE,2012-01-17,PM,1.0,PM9999.CZC,普通小麦前复权主力,2099-01-01
5.0,al2110,2021-10-15,,SHFE,2020-10-16,AL,5.0,AL2110.SHF,铝2110,2021-10-20
5.0,al2111,2021-11-15,,SHFE,2020-11-17,AL,5.0,AL2111.SHF,铝2111,2021-11-18
5.0,al2112,2021-12-15,,SHFE,2020-12-16,AL,5.0,AL2112.SHF,铝2112,2021-12-20
5.0,al2201,2022-01-17,,SHFE,2021-01-18,AL,5.0,AL2201.SHF,铝2201,2022-01-20
5.0,al2202,2022-02-15,,SHFE,2021-02-08,AL,5.0,AL2202.SHF,铝2202,2022-02-18
5.0,al2205,2022-05-16,,SHFE,2021-05-18,AL,5.0,AL2205.SHF,铝2205,2022-05-19
5.0,al2204,2022-04-15,,SHFE,2021-04-16,AL,5.0,AL2204.SHF,铝2204,2022-04-20
5.0,al2203,2022-03-15,,SHFE,2021-03-16,AL,5.0,AL2203.SHF,铝2203,2022-03-18
5.0,al2206,2022-06-15,,SHFE,2021-06-16,AL,5.0,AL2206.SHF,铝2206,2022-06-20
5.0,al2207,2022-07-15,,SHFE,2021-07-16,AL,5.0,AL2207.SHF,铝2207,2022-07-20
5.0,al2208,2022-08-15,,SHFE,2021-08-17,AL,5.0,AL2208.SHF,铝2208,2022-08-18
5.0,al2209,2022-09-15,,SHFE,2021-09-16,AL,5.0,AL2209.SHF,铝2209,2022-09-20
5.0,al2210,2022-10-17,,SHFE,2021-10-18,AL,5.0,AL2210.SHF,铝2210,2022-10-20
5.0,al2212,2022-12-15,,SHFE,2021-12-16,AL,5.0,AL2212.SHF,铝2212,2022-12-20
5.0,al2301,2023-01-16,,SHFE,2022-01-18,AL,5.0,AL2301.SHF,铝2301,2023-01-19
5.0,al2211,2022-11-15,,SHFE,2021-11-16,AL,5.0,AL2211.SHF,铝2211,2022-11-18
5.0,al8888,2099-01-01,,SHFE,1995-04-17,AL,5.0,AL8888.SHF,铝主力,2099-01-01
5.0,al0000,2099-01-01,,SHFE,1995-04-17,AL,5.0,AL0000.SHF,铝指数,2099-01-01
5.0,al9999,2099-01-01,,SHFE,1995-04-17,AL,5.0,AL9999.SHF,铝前复权主力,2099-01-01
15.0,ag2110,2021-10-15,,SHFE,2020-10-16,AG,1.0,AG2110.SHF,白银2110,2021-10-20
15.0,ag2111,2021-11-15,,SHFE,2020-11-17,AG,1.0,AG2111.SHF,白银2111,2021-11-18
15.0,ag2112,2021-12-15,,SHFE,2020-12-16,AG,1.0,AG2112.SHF,白银2112,2021-12-20
15.0,ag2201,2022-01-17,,SHFE,2021-01-18,AG,1.0,AG2201.SHF,白银2201,2022-01-20
15.0,ag2202,2022-02-15,,SHFE,2021-02-08,AG,1.0,AG2202.SHF,白银2202,2022-02-18
15.0,ag2204,2022-04-15,,SHFE,2021-04-16,AG,1.0,AG2204.SHF,白银2204,2022-04-20
15.0,ag2203,2022-03-15,,SHFE,2021-03-16,AG,1.0,AG2203.SHF,白银2203,2022-03-18
15.0,ag2206,2022-06-15,,SHFE,2021-06-16,AG,1.0,AG2206.SHF,白银2206,2022-06-20
15.0,ag2207,2022-07-15,,SHFE,2021-07-16,AG,1.0,AG2207.SHF,白银2207,2022-07-20
15.0,ag2205,2022-05-16,,SHFE,2021-05-18,AG,1.0,AG2205.SHF,白银2205,2022-05-19
15.0,ag2208,2022-08-15,,SHFE,2021-08-17,AG,1.0,AG2208.SHF,白银2208,2022-08-18
15.0,ag2209,2022-09-15,,SHFE,2021-09-16,AG,1.0,AG2209.SHF,白银2209,2022-09-20
15.0,ag2210,2022-10-17,,SHFE,2021-10-18,AG,1.0,AG2210.SHF,白银2210,2022-10-20
15.0,ag2212,2022-12-15,,SHFE,2021-12-16,AG,1.0,AG2212.SHF,白银2212,2022-12-20
15.0,ag2301,2023-01-16,,SHFE,2022-01-18,AG,1.0,AG2301.SHF,白银2301,2023-01-19
15.0,ag2211,2022-11-15,,SHFE,2021-11-16,AG,1.0,AG2211.SHF,白银2211,2022-11-18
15.0,ag8888,2099-01-01,,SHFE,2012-05-10,AG,1.0,AG8888.SHF,白银主力,2099-01-01
15.0,ag0000,2099-01-01,,SHFE,2012-05-10,AG,1.0,AG0000.SHF,白银指数,2099-01-01
15.0,ag9999,2099-01-01,,SHFE,2012-05-10,AG,1.0,AG9999.SHF,白银前复权主力,2099-01-01
1.0,sn2110,2021-10-15,,SHFE,2020-10-16,SN,10.0,SN2110.SHF,锡2110,2021-10-20
1.0,sn2111,2021-11-15,,SHFE,2020-11-17,SN,10.0,SN2111.SHF,锡2111,2021-11-18
1.0,sn2112,2021-12-15,,SHFE,2020-12-16,SN,10.0,SN2112.SHF,锡2112,2021-12-20
1.0,sn2201,2022-01-17,,SHFE,2021-01-18,SN,10.0,SN2201.SHF,锡2201,2022-01-20
1.0,sn2202,2022-02-15,,SHFE,2021-02-08,SN,10.0,SN2202.SHF,锡2202,2022-02-18
1.0,sn2205,2022-05-16,,SHFE,2021-05-18,SN,10.0,SN2205.SHF,锡2205,2022-05-19
1.0,sn2203,2022-03-15,,SHFE,2021-03-16,SN,10.0,SN2203.SHF,锡2203,2022-03-18
1.0,sn2204,2022-04-15,,SHFE,2021-04-16,SN,10.0,SN2204.SHF,锡2204,2022-04-20
1.0,sn2206,2022-06-15,,SHFE,2021-06-16,SN,10.0,SN2206.SHF,锡2206,2022-06-20
1.0,sn2207,2022-07-15,,SHFE,2021-07-16,SN,10.0,SN2207.SHF,锡2207,2022-07-20
1.0,sn2208,2022-08-15,,SHFE,2021-08-17,SN,10.0,SN2208.SHF,锡2208,2022-08-18
1.0,sn2209,2022-09-15,,SHFE,2021-09-16,SN,10.0,SN2209.SHF,锡2209,2022-09-20
1.0,sn2210,2022-10-17,,SHFE,2021-10-18,SN,10.0,SN2210.SHF,锡2210,2022-10-20
1.0,sn2212,2022-12-15,,SHFE,2021-12-16,SN,10.0,SN2212.SHF,锡2212,2022-12-20
1.0,sn2301,2023-01-16,,SHFE,2022-01-18,SN,10.0,SN2301.SHF,锡2301,2023-01-19
1.0,sn2211,2022-11-15,,SHFE,2021-11-16,SN,10.0,SN2211.SHF,锡2211,2022-11-18
1.0,sn8888,2099-01-01,,SHFE,2015-03-27,SN,10.0,SN8888.SHF,锡主力,2099-01-01
1.0,sn0000,2099-01-01,,SHFE,2015-03-27,SN,10.0,SN0000.SHF,锡指数,2099-01-01
1.0,sn9999,2099-01-01,,SHFE,2015-03-27,SN,10.0,SN9999.SHF,锡前复权主力,2099-01-01
10.0,WT8888,2099-01-01,人民币元/吨,CZCE,1999-01-04,WT,1.0,WT8888.CZC,硬麦主力,2012-11-30
10.0,WT0000,2099-01-01,人民币元/吨,CZCE,1999-01-04,WT,1.0,WT0000.CZC,硬麦指数,2012-11-30
10.0,WT9999,2099-01-01,人民币元/吨,CZCE,1999-01-04,WT,1.0,WT9999.CZC,硬麦前复权主力,2012-11-30
20.0,JR111,2021-11-12,,CZCE,2020-11-16,JR,1.0,JR2111.CZC,粳稻谷111,2021-11-12
20.0,JR201,2022-01-17,,CZCE,2021-01-18,JR,1.0,JR2201.CZC,粳稻谷201,2022-01-17
20.0,JR203,2022-03-14,,CZCE,2021-03-15,JR,1.0,JR2203.CZC,粳稻谷203,2022-03-14
20.0,JR205,2022-05-18,,CZCE,2021-05-20,JR,1.0,JR2205.CZC,粳稻谷205,2022-05-18
20.0,JR207,2022-07-14,,CZCE,2021-07-15,JR,1.0,JR2207.CZC,粳稻谷207,2022-07-14
20.0,JR209,2022-09-15,,CZCE,2021-09-15,JR,1.0,JR2209.CZC,粳稻谷209,2022-09-15
20.0,JR301,2023-01-13,,CZCE,2022-01-18,JR,1.0,JR2301.CZC,粳稻谷301,2023-01-13
20.0,JR211,2022-11-14,,CZCE,2021-11-15,JR,1.0,JR2211.CZC,粳稻谷211,2022-11-14
20.0,JR8888,2099-01-01,,CZCE,2013-11-18,JR,1.0,JR8888.CZC,粳稻谷主力,2099-01-01
20.0,JR0000,2099-01-01,,CZCE,2013-11-18,JR,1.0,JR0000.CZC,粳稻谷指数,2099-01-01
20.0,JR9999,2099-01-01,,CZCE,2013-11-18,JR,1.0,JR9999.CZC,粳稻谷前复权主力,2099-01-01
20.0,RI111,2021-11-12,,CZCE,2020-11-16,RI,1.0,RI2111.CZC,早籼稻111,2021-11-12
20.0,RI201,2022-01-17,,CZCE,2021-01-18,RI,1.0,RI2201.CZC,早籼稻201,2022-01-17
20.0,RI203,2022-03-14,,CZCE,2021-03-15,RI,1.0,RI2203.CZC,早籼稻203,2022-03-14
20.0,RI205,2022-05-18,,CZCE,2021-05-20,RI,1.0,RI2205.CZC,早籼稻205,2022-05-18
20.0,RI207,2022-07-14,,CZCE,2021-07-15,RI,1.0,RI2207.CZC,早籼稻207,2022-07-14
20.0,RI209,2022-09-15,,CZCE,2021-09-15,RI,1.0,RI2209.CZC,早籼稻209,2022-09-15
20.0,RI301,2023-01-13,,CZCE,2022-01-18,RI,1.0,RI2301.CZC,早籼稻301,2023-01-13
20.0,RI211,2022-11-14,,CZCE,2021-11-15,RI,1.0,RI2211.CZC,早籼稻211,2022-11-14
20.0,RI8888,2099-01-01,,CZCE,2012-07-24,RI,1.0,RI8888.CZC,早籼稻主力,2099-01-01
20.0,RI0000,2099-01-01,,CZCE,2012-07-24,RI,1.0,RI0000.CZC,早籼稻指数,2099-01-01
20.0,RI9999,2099-01-01,,CZCE,2012-07-24,RI,1.0,RI9999.CZC,早籼稻前复权主力,2099-01-01
60.0,jm2110,2021-10-21,,DCE,2020-10-23,JM,0.5,JM2110.DCE,焦煤2110,2021-10-26
60.0,jm2111,2021-11-12,,DCE,2020-11-16,JM,0.5,JM2111.DCE,焦煤2111,2021-11-17
60.0,jm2112,2021-12-14,,DCE,2020-12-15,JM,0.5,JM2112.DCE,焦煤2112,2021-12-17
60.0,jm2201,2022-01-17,,DCE,2021-01-18,JM,0.5,JM2201.DCE,焦煤2201,2022-01-20
60.0,jm2204,2022-04-18,,DCE,2021-04-16,JM,0.5,JM2204.DCE,焦煤2204,2022-04-21
60.0,jm2203,2022-03-14,,DCE,2021-03-15,JM,0.5,JM2203.DCE,焦煤2203,2022-03-17
60.0,jm2202,2022-02-18,,DCE,2021-02-22,JM,0.5,JM2202.DCE,焦煤2202,2022-02-23
60.0,jm2206,2022-06-15,,DCE,2021-06-16,JM,0.5,JM2206.DCE,焦煤2206,2022-06-20
60.0,jm2205,2022-05-18,,DCE,2021-05-20,JM,0.5,JM2205.DCE,焦煤2205,2022-05-23
60.0,jm2207,2022-07-14,,DCE,2021-07-15,JM,0.5,JM2207.DCE,焦煤2207,2022-07-19
60.0,jm2208,2022-08-12,,DCE,2021-08-16,JM,0.5,JM2208.DCE,焦煤2208,2022-08-17
60.0,jm2209,2022-09-15,,DCE,2021-09-15,JM,0.5,JM2209.DCE,焦煤2209,2022-09-20
60.0,jm2301,2023-01-17,,DCE,2022-01-18,JM,0.5,JM2301.DCE,焦煤2301,2023-01-20
60.0,jm2210,2022-10-21,,DCE,2021-10-22,JM,0.5,JM2210.DCE,焦煤2210,2022-10-26
60.0,jm2211,2022-11-14,,DCE,2021-11-15,JM,0.5,JM2211.DCE,焦煤2211,2022-11-17
60.0,jm2212,2022-12-14,,DCE,2021-12-15,JM,0.5,JM2212.DCE,焦煤2212,2022-12-19
60.0,jm8888,2099-01-01,,DCE,2013-03-22,JM,0.5,JM8888.DCE,焦煤主力,2099-01-01
60.0,jm0000,2099-01-01,,DCE,2013-03-22,JM,0.5,JM0000.DCE,焦煤指数,2099-01-01
60.0,jm9999,2099-01-01,,DCE,2013-03-22,JM,0.5,JM9999.DCE,焦煤前复权主力,2099-01-01
5.0,eb2110,2021-10-26,,DCE,2020-10-28,EB,1.0,EB2110.DCE,苯乙烯2110,2021-10-29
5.0,eb2111,2021-11-25,,DCE,2020-11-26,EB,1.0,EB2111.DCE,苯乙烯2111,2021-11-30
5.0,eb2112,2021-12-28,,DCE,2020-12-29,EB,1.0,EB2112.DCE,苯乙烯2112,2021-12-31
5.0,eb2201,2022-01-25,,DCE,2021-01-27,EB,1.0,EB2201.DCE,苯乙烯2201,2022-01-28
5.0,eb2204,2022-04-26,,DCE,2021-04-28,EB,1.0,EB2204.DCE,苯乙烯2204,2022-04-29
5.0,eb2202,2022-02-23,,DCE,2021-02-24,EB,1.0,EB2202.DCE,苯乙烯2202,2022-02-28
5.0,eb2203,2022-03-28,,DCE,2021-03-29,EB,1.0,EB2203.DCE,苯乙烯2203,2022-03-31
5.0,eb2205,2022-05-26,,DCE,2021-05-27,EB,1.0,EB2205.DCE,苯乙烯2205,2022-05-31
5.0,eb2207,2022-07-26,,DCE,2021-07-28,EB,1.0,EB2207.DCE,苯乙烯2207,2022-07-29
5.0,eb2206,2022-06-27,,DCE,2021-06-28,EB,1.0,EB2206.DCE,苯乙烯2206,2022-06-30
5.0,eb2209,2022-09-27,,DCE,2021-09-28,EB,1.0,EB2209.DCE,苯乙烯2209,2022-09-30
5.0,eb2208,2022-08-26,,DCE,2021-08-27,EB,1.0,EB2208.DCE,苯乙烯2208,2022-08-31
5.0,eb2301,2023-01-25,,DCE,2022-01-26,EB,1.0,EB2301.DCE,苯乙烯2301,2023-01-30
5.0,eb2210,2022-10-26,,DCE,2021-10-27,EB,1.0,EB2210.DCE,苯乙烯2210,2022-10-31
5.0,eb2212,2022-12-27,,DCE,2021-12-29,EB,1.0,EB2212.DCE,苯乙烯2212,2022-12-30
5.0,eb2211,2022-11-25,,DCE,2021-11-26,EB,1.0,EB2211.DCE,苯乙烯2211,2022-11-30
5.0,eb8888,2099-01-01,,DCE,2019-09-26,EB,1.0,EB8888.DCE,苯乙烯主力,2099-01-01
5.0,eb0000,2099-01-01,,DCE,2019-09-26,EB,1.0,EB0000.DCE,苯乙烯指数,2099-01-01
5.0,eb9999,2099-01-01,,DCE,2019-09-26,EB,1.0,EB9999.DCE,苯乙烯前复权主力,2099-01-01
200.0,IC2110,2021-10-15,,CFFEX,2021-08-23,IC,0.2,IC2110.CFX,中证500指数2110,2021-10-15
200.0,IC2111,2021-11-19,,CFFEX,2021-09-22,IC,0.2,IC2111.CFX,中证500指数2111,2021-11-19
200.0,IC2112,2021-12-17,,CFFEX,2021-04-19,IC,0.2,IC2112.CFX,中证500指数2112,2021-12-17
200.0,IC2201,2022-01-21,,CFFEX,2021-11-22,IC,0.2,IC2201.CFX,中证500指数2201,2022-01-21
200.0,IC2203,2022-03-18,,CFFEX,2021-07-19,IC,0.2,IC2203.CFX,中证500指数2203,2022-03-18
200.0,IC2206,2022-06-17,,CFFEX,2021-10-18,IC,0.2,IC2206.CFX,中证500指数2206,2022-06-17
200.0,IC2209,2022-09-16,,CFFEX,2022-01-24,IC,0.2,IC2209.CFX,中证500指数2209,2022-09-16
200.0,IC2202,2022-02-18,,CFFEX,2021-12-20,IC,0.2,IC2202.CFX,中证500指数2202,2022-02-18
200.0,IC8888,2099-01-01,,CFFEX,2015-04-16,IC,0.2,IC8888.CFX,中证500指数主力,2099-01-01
200.0,IC0000,2099-01-01,,CFFEX,2015-04-16,IC,0.2,IC0000.CFX,中证500指数指数,2099-01-01
200.0,IC9999,2099-01-01,,CFFEX,2015-04-16,IC,0.2,IC9999.CFX,中证500指数前复权主力,2099-01-01
5.0,zn2110,2021-10-15,,SHFE,2020-10-16,ZN,5.0,ZN2110.SHF,锌2110,2021-10-20
5.0,zn2111,2021-11-15,,SHFE,2020-11-17,ZN,5.0,ZN2111.SHF,锌2111,2021-11-18
5.0,zn2112,2021-12-15,,SHFE,2020-12-16,ZN,5.0,ZN2112.SHF,锌2112,2021-12-20
5.0,zn2201,2022-01-17,,SHFE,2021-01-18,ZN,5.0,ZN2201.SHF,锌2201,2022-01-20
5.0,zn2202,2022-02-15,,SHFE,2021-02-08,ZN,5.0,ZN2202.SHF,锌2202,2022-02-18
5.0,zn2205,2022-05-16,,SHFE,2021-05-18,ZN,5.0,ZN2205.SHF,锌2205,2022-05-19
5.0,zn2203,2022-03-15,,SHFE,2021-03-16,ZN,5.0,ZN2203.SHF,锌2203,2022-03-18
5.0,zn2204,2022-04-15,,SHFE,2021-04-16,ZN,5.0,ZN2204.SHF,锌2204,2022-04-20
5.0,zn2206,2022-06-15,,SHFE,2021-06-16,ZN,5.0,ZN2206.SHF,锌2206,2022-06-20
5.0,zn2207,2022-07-15,,SHFE,2021-07-16,ZN,5.0,ZN2207.SHF,锌2207,2022-07-20
5.0,zn2208,2022-08-15,,SHFE,2021-08-17,ZN,5.0,ZN2208.SHF,锌2208,2022-08-18
5.0,zn2209,2022-09-15,,SHFE,2021-09-16,ZN,5.0,ZN2209.SHF,锌2209,2022-09-20
5.0,zn2210,2022-10-17,,SHFE,2021-10-18,ZN,5.0,ZN2210.SHF,锌2210,2022-10-20
5.0,zn2212,2022-12-15,,SHFE,2021-12-16,ZN,5.0,ZN2212.SHF,锌2212,2022-12-20
5.0,zn2301,2023-01-16,,SHFE,2022-01-18,ZN,5.0,ZN2301.SHF,锌2301,2023-01-19
5.0,zn2211,2022-11-15,,SHFE,2021-11-16,ZN,5.0,ZN2211.SHF,锌2211,2022-11-18
5.0,zn8888,2099-01-01,,SHFE,2007-03-26,ZN,5.0,ZN8888.SHF,锌主力,2099-01-01
5.0,zn0000,2099-01-01,,SHFE,2007-03-26,ZN,5.0,ZN0000.SHF,锌指数,2099-01-01
5.0,zn9999,2099-01-01,,SHFE,2007-03-26,ZN,5.0,ZN9999.SHF,锌前复权主力,2099-01-01
1000.0,au2110,2021-10-15,,SHFE,2020-09-16,AU,0.02,AU2110.SHF,黄金2110,2021-10-18
1000.0,au2111,2021-11-15,,SHFE,2021-08-17,AU,0.02,AU2111.SHF,黄金2111,2021-11-16
1000.0,au2112,2021-12-15,,SHFE,2020-11-17,AU,0.02,AU2112.SHF,黄金2112,2021-12-16
1000.0,au2201,2022-01-17,,SHFE,2021-10-18,AU,0.02,AU2201.SHF,黄金2201,2022-01-18
1000.0,au2202,2022-02-15,,SHFE,2021-01-18,AU,0.02,AU2202.SHF,黄金2202,2022-02-16
1000.0,au2206,2022-06-15,,SHFE,2021-05-18,AU,0.02,AU2206.SHF,黄金2206,2022-06-16
1000.0,au2204,2022-04-15,,SHFE,2021-03-16,AU,0.02,AU2204.SHF,黄金2204,2022-04-18
1000.0,au2208,2022-08-15,,SHFE,2021-07-16,AU,0.02,AU2208.SHF,黄金2208,2022-08-16
1000.0,au2210,2022-10-17,,SHFE,2021-09-16,AU,0.02,AU2210.SHF,黄金2210,2022-10-18
1000.0,au2203,2022-03-15,,SHFE,2021-12-16,AU,0.02,AU2203.SHF,黄金2203,2022-03-16
1000.0,au2302,2023-02-15,,SHFE,2022-01-18,AU,0.02,AU2302.SHF,黄金2302,2023-02-16
1000.0,au2212,2022-12-15,,SHFE,2021-11-16,AU,0.02,AU2212.SHF,黄金2212,2022-12-16
1000.0,au8888,2099-01-01,,SHFE,2008-01-09,AU,0.02,AU8888.SHF,黄金主力,2099-01-01
1000.0,au0000,2099-01-01,,SHFE,2008-01-09,AU,0.02,AU0000.SHF,黄金指数,2099-01-01
1000.0,au9999,2099-01-01,,SHFE,2008-01-09,AU,0.02,AU9999.SHF,黄金前复权主力,2099-01-01
300.0,IF2110,2021-10-15,,CFFEX,2021-08-23,IF,0.2,IF2110.CFX,沪深2110,2021-10-15
300.0,IF2111,2021-11-19,,CFFEX,2021-09-22,IF,0.2,IF2111.CFX,沪深2111,2021-11-19
300.0,IF2112,2021-12-17,,CFFEX,2021-04-19,IF,0.2,IF2112.CFX,沪深2112,2021-12-17
300.0,IF2201,2022-01-21,,CFFEX,2021-11-22,IF,0.2,IF2201.CFX,沪深2201,2022-01-21
300.0,IF2203,2022-03-18,,CFFEX,2021-07-19,IF,0.2,IF2203.CFX,沪深2203,2022-03-18
300.0,IF2206,2022-06-17,,CFFEX,2021-10-18,IF,0.2,IF2206.CFX,沪深2206,2022-06-17
300.0,IF2209,2022-09-16,,CFFEX,2022-01-24,IF,0.2,IF2209.CFX,沪深2209,2022-09-16
300.0,IF2202,2022-02-18,,CFFEX,2021-12-20,IF,0.2,IF2202.CFX,沪深2202,2022-02-18
300.0,IF8888,2099-01-01,,CFFEX,2010-04-16,IF,0.2,IF8888.CFX,沪深主力,2099-01-01
300.0,IF0000,2099-01-01,,CFFEX,2010-04-16,IF,0.2,IF0000.CFX,沪深指数,2099-01-01
300.0,IF9999,2099-01-01,,CFFEX,2010-04-16,IF,0.2,IF9999.CFX,沪深前复权主力,2099-01-01
20.0,FG110,2021-10-21,,CZCE,2020-10-23,FG,1.0,FG2110.CZC,玻璃110,2021-10-21
20.0,FG111,2021-11-12,,CZCE,2020-11-16,FG,1.0,FG2111.CZC,玻璃111,2021-11-12
20.0,FG112,2021-12-14,,CZCE,2020-12-15,FG,1.0,FG2112.CZC,玻璃112,2021-12-14
20.0,FG201,2022-01-17,,CZCE,2021-01-18,FG,1.0,FG2201.CZC,玻璃201,2022-01-17
20.0,FG204,2022-04-18,,CZCE,2021-04-16,FG,1.0,FG2204.CZC,玻璃204,2022-04-18
20.0,FG203,2022-03-14,,CZCE,2021-03-15,FG,1.0,FG2203.CZC,玻璃203,2022-03-14
20.0,FG202,2022-02-18,,CZCE,2021-02-22,FG,1.0,FG2202.CZC,玻璃202,2022-02-18
20.0,FG206,2022-06-15,,CZCE,2021-06-16,FG,1.0,FG2206.CZC,玻璃206,2022-06-15
20.0,FG205,2022-05-18,,CZCE,2021-05-20,FG,1.0,FG2205.CZC,玻璃205,2022-05-18
20.0,FG207,2022-07-14,,CZCE,2021-07-15,FG,1.0,FG2207.CZC,玻璃207,2022-07-14
20.0,FG208,2022-08-12,,CZCE,2021-08-16,FG,1.0,FG2208.CZC,玻璃208,2022-08-12
20.0,FG209,2022-09-15,,CZCE,2021-09-15,FG,1.0,FG2209.CZC,玻璃209,2022-09-15
20.0,FG301,2023-01-13,,CZCE,2022-01-18,FG,1.0,FG2301.CZC,玻璃301,2023-01-13
20.0,FG210,2022-10-21,,CZCE,2021-10-22,FG,1.0,FG2210.CZC,玻璃210,2022-10-21
20.0,FG211,2022-11-14,,CZCE,2021-11-15,FG,1.0,FG2211.CZC,玻璃211,2022-11-14
20.0,FG212,2022-12-14,,CZCE,2021-12-15,FG,1.0,FG2212.CZC,玻璃212,2022-12-14
20.0,FG8888,2099-01-01,,CZCE,2012-12-03,FG,1.0,FG8888.CZC,玻璃主力,2099-01-01
20.0,FG0000,2099-01-01,,CZCE,2012-12-03,FG,1.0,FG0000.CZC,玻璃指数,2099-01-01
20.0,FG9999,2099-01-01,,CZCE,2012-12-03,FG,1.0,FG9999.CZC,玻璃前复权主力,2099-01-01
1000.0,sc2111,2021-10-29,,INE,2020-11-02,SC,0.1,SC2111.INE,原油2111,2021-11-05
1000.0,sc2112,2021-11-30,,INE,2018-12-03,SC,0.1,SC2112.INE,原油2112,2021-12-07
1000.0,sc2201,2021-12-23,,INE,2020-12-25,SC,0.1,SC2201.INE,原油2201,2021-12-30
1000.0,sc2202,2022-01-21,,INE,2021-02-01,SC,0.1,SC2202.INE,原油2202,2022-01-28
1000.0,sc2209,2022-08-31,,INE,2019-09-02,SC,0.1,SC2209.INE,原油2209,2022-09-07
1000.0,sc2212,2022-11-30,,INE,2019-12-02,SC,0.1,SC2212.INE,原油2212,2022-12-07
1000.0,sc2203,2022-02-28,,INE,2019-03-01,SC,0.1,SC2203.INE,原油2203,2022-03-07
1000.0,sc2206,2022-05-31,,INE,2019-06-03,SC,0.1,SC2206.INE,原油2206,2022-06-08
1000.0,sc2303,2023-02-28,,INE,2020-03-02,SC,0.1,SC2303.INE,原油2303,2023-03-07
1000.0,sc2306,2023-05-31,,INE,2020-06-01,SC,0.1,SC2306.INE,原油2306,2023-06-07
1000.0,sc2309,2023-08-31,,INE,2020-09-01,SC,0.1,SC2309.INE,原油2309,2023-09-07
1000.0,sc2312,2023-11-30,,INE,2020-12-01,SC,0.1,SC2312.INE,原油2312,2023-12-07
1000.0,sc2403,2024-02-29,,INE,2021-03-01,SC,0.1,SC2403.INE,原油2403,2024-03-07
1000.0,sc2205,2022-04-29,,INE,2021-05-06,SC,0.1,SC2205.INE,原油2205,2022-05-11
1000.0,sc2406,2024-05-31,,INE,2021-06-01,SC,0.1,SC2406.INE,原油2406,2024-06-07
1000.0,sc2204,2022-03-31,,INE,2021-04-01,SC,0.1,SC2204.INE,原油2204,2022-04-11
1000.0,sc2409,2024-08-30,,INE,2021-09-01,SC,0.1,SC2409.INE,原油2409,2024-09-06
1000.0,sc2207,2022-06-30,,INE,2021-07-01,SC,0.1,SC2207.INE,原油2207,2022-07-07
1000.0,sc2208,2022-07-29,,INE,2021-08-02,SC,0.1,SC2208.INE,原油2208,2022-08-05
1000.0,sc2210,2022-09-23,,INE,2021-09-24,SC,0.1,SC2210.INE,原油2210,2022-09-30
1000.0,sc2302,2023-01-31,,INE,2022-01-24,SC,0.1,SC2302.INE,原油2302,2023-02-07
1000.0,sc2211,2022-10-31,,INE,2021-11-01,SC,0.1,SC2211.INE,原油2211,2022-11-07
1000.0,sc2412,2024-11-29,,INE,2021-12-01,SC,0.1,SC2412.INE,原油2412,2024-12-06
1000.0,sc2301,2022-12-30,,INE,2021-12-24,SC,0.1,SC2301.INE,原油2301,2023-01-10
1000.0,sc8888,2099-01-01,,INE,2018-03-26,SC,0.1,SC8888.INE,原油主力,2099-01-01
1000.0,sc0000,2099-01-01,,INE,2018-03-26,SC,0.1,SC0000.INE,原油指数,2099-01-01
1000.0,sc9999,2099-01-01,,INE,2018-03-26,SC,0.1,SC9999.INE,原油前复权主力,2099-01-01
5.0,ss2110,2021-10-15,,SHFE,2020-10-16,SS,5.0,SS2110.SHF,不锈钢2110,2021-10-20
5.0,ss2111,2021-11-15,,SHFE,2020-11-17,SS,5.0,SS2111.SHF,不锈钢2111,2021-11-18
5.0,ss2112,2021-12-15,,SHFE,2020-12-16,SS,5.0,SS2112.SHF,不锈钢2112,2021-12-20
5.0,ss2201,2022-01-17,,SHFE,2021-01-18,SS,5.0,SS2201.SHF,不锈钢2201,2022-01-20
5.0,ss2202,2022-02-15,,SHFE,2021-02-08,SS,5.0,SS2202.SHF,不锈钢2202,2022-02-18
5.0,ss2204,2022-04-15,,SHFE,2021-04-16,SS,5.0,SS2204.SHF,不锈钢2204,2022-04-20
5.0,ss2203,2022-03-15,,SHFE,2021-03-16,SS,5.0,SS2203.SHF,不锈钢2203,2022-03-18
5.0,ss2206,2022-06-15,,SHFE,2021-06-16,SS,5.0,SS2206.SHF,不锈钢2206,2022-06-20
5.0,ss2207,2022-07-15,,SHFE,2021-07-16,SS,5.0,SS2207.SHF,不锈钢2207,2022-07-20
5.0,ss2205,2022-05-16,,SHFE,2021-05-18,SS,5.0,SS2205.SHF,不锈钢2205,2022-05-19
5.0,ss2208,2022-08-15,,SHFE,2021-08-17,SS,5.0,SS2208.SHF,不锈钢2208,2022-08-18
5.0,ss2209,2022-09-15,,SHFE,2021-09-16,SS,5.0,SS2209.SHF,不锈钢2209,2022-09-20
5.0,ss2301,2023-01-16,,SHFE,2022-01-18,SS,5.0,SS2301.SHF,不锈钢2301,2023-01-19
5.0,ss2210,2022-10-17,,SHFE,2021-10-18,SS,5.0,SS2210.SHF,不锈钢2210,2022-10-20
5.0,ss2212,2022-12-15,,SHFE,2021-12-16,SS,5.0,SS2212.SHF,不锈钢2212,2022-12-20
5.0,ss2211,2022-11-15,,SHFE,2021-11-16,SS,5.0,SS2211.SHF,不锈钢2211,2022-11-18
5.0,ss8888,2099-01-01,,SHFE,2019-09-25,SS,5.0,SS8888.SHF,不锈钢主力,2099-01-01
5.0,ss0000,2099-01-01,,SHFE,2019-09-25,SS,5.0,SS0000.SHF,不锈钢指数,2099-01-01
5.0,ss9999,2099-01-01,,SHFE,2019-09-25,SS,5.0,SS9999.SHF,不锈钢前复权主力,2099-01-01
10.0,p2110,2021-10-21,,DCE,2020-10-23,P,2.0,P2110.DCE,棕榈油2110,2021-10-26
10.0,p2111,2021-11-12,,DCE,2020-11-16,P,2.0,P2111.DCE,棕榈油2111,2021-11-17
10.0,p2112,2021-12-14,,DCE,2020-12-15,P,2.0,P2112.DCE,棕榈油2112,2021-12-17
10.0,p2201,2022-01-17,,DCE,2021-01-18,P,2.0,P2201.DCE,棕榈油2201,2022-01-20
10.0,p2204,2022-04-18,,DCE,2021-04-16,P,2.0,P2204.DCE,棕榈油2204,2022-04-21
10.0,p2203,2022-03-14,,DCE,2021-03-15,P,2.0,P2203.DCE,棕榈油2203,2022-03-17
10.0,p2202,2022-02-18,,DCE,2021-02-22,P,2.0,P2202.DCE,棕榈油2202,2022-02-23
10.0,p2206,2022-06-15,,DCE,2021-06-16,P,2.0,P2206.DCE,棕榈油2206,2022-06-20
10.0,p2205,2022-05-18,,DCE,2021-05-20,P,2.0,P2205.DCE,棕榈油2205,2022-05-23
10.0,p2207,2022-07-14,,DCE,2021-07-15,P,2.0,P2207.DCE,棕榈油2207,2022-07-19
10.0,p2208,2022-08-12,,DCE,2021-08-16,P,2.0,P2208.DCE,棕榈油2208,2022-08-17
10.0,p2209,2022-09-15,,DCE,2021-09-15,P,2.0,P2209.DCE,棕榈油2209,2022-09-20
10.0,p2301,2023-01-17,,DCE,2022-01-18,P,2.0,P2301.DCE,棕榈油2301,2023-01-20
10.0,p2210,2022-10-21,,DCE,2021-10-22,P,2.0,P2210.DCE,棕榈油2210,2022-10-26
10.0,p2211,2022-11-14,,DCE,2021-11-15,P,2.0,P2211.DCE,棕榈油2211,2022-11-17
10.0,p2212,2022-12-14,,DCE,2021-12-15,P,2.0,P2212.DCE,棕榈油2212,2022-12-19
10.0,p8888,2099-01-01,,DCE,2007-10-29,P,2.0,P8888.DCE,棕榈油主力,2099-01-01
10.0,p0000,2099-01-01,,DCE,2007-10-29,P,2.0,P0000.DCE,棕榈油指数,2099-01-01
10.0,p9999,2099-01-01,,DCE,2007-10-29,P,2.0,P9999.DCE,棕榈油前复权主力,2099-01-01
10.0,rb2110,2021-10-15,,SHFE,2020-10-16,RB,1.0,RB2110.SHF,螺纹钢2110,2021-10-20
10.0,rb2111,2021-11-15,,SHFE,2020-11-17,RB,1.0,RB2111.SHF,螺纹钢2111,2021-11-18
10.0,rb2112,2021-12-15,,SHFE,2020-12-16,RB,1.0,RB2112.SHF,螺纹钢2112,2021-12-20
10.0,rb2201,2022-01-17,,SHFE,2021-01-18,RB,1.0,RB2201.SHF,螺纹钢2201,2022-01-20
10.0,rb2202,2022-02-15,,SHFE,2021-02-08,RB,1.0,RB2202.SHF,螺纹钢2202,2022-02-18
10.0,rb2205,2022-05-16,,SHFE,2021-05-18,RB,1.0,RB2205.SHF,螺纹钢2205,2022-05-19
10.0,rb2203,2022-03-15,,SHFE,2021-03-16,RB,1.0,RB2203.SHF,螺纹钢2203,2022-03-18
10.0,rb2204,2022-04-15,,SHFE,2021-04-16,RB,1.0,RB2204.SHF,螺纹钢2204,2022-04-20
10.0,rb2206,2022-06-15,,SHFE,2021-06-16,RB,1.0,RB2206.SHF,螺纹钢2206,2022-06-20
10.0,rb2207,2022-07-15,,SHFE,2021-07-16,RB,1.0,RB2207.SHF,螺纹钢2207,2022-07-20
10.0,rb2208,2022-08-15,,SHFE,2021-08-17,RB,1.0,RB2208.SHF,螺纹钢2208,2022-08-18
10.0,rb2209,2022-09-15,,SHFE,2021-09-16,RB,1.0,RB2209.SHF,螺纹钢2209,2022-09-20
10.0,rb2210,2022-10-17,,SHFE,2021-10-18,RB,1.0,RB2210.SHF,螺纹钢2210,2022-10-20
10.0,rb2212,2022-12-15,,SHFE,2021-12-16,RB,1.0,RB2212.SHF,螺纹钢2212,2022-12-20
10.0,rb2301,2023-01-16,,SHFE,2022-01-18,RB,1.0,RB2301.SHF,螺纹钢2301,2023-01-19
10.0,rb2211,2022-11-15,,SHFE,2021-11-16,RB,1.0,RB2211.SHF,螺纹钢2211,2022-11-18
10.0,rb8888,2099-01-01,,SHFE,2009-03-27,RB,1.0,RB8888.SHF,螺纹钢主力,2099-01-01
10.0,rb0000,2099-01-01,,SHFE,2009-03-27,RB,1.0,RB0000.SHF,螺纹钢指数,2099-01-01
10.0,rb9999,2099-01-01,,SHFE,2009-03-27,RB,1.0,RB9999.SHF,螺纹钢前复权主力,2099-01-01
5.0,cu2110,2021-10-15,,SHFE,2020-10-16,CU,10.0,CU2110.SHF,铜2110,2021-10-20
5.0,cu2111,2021-11-15,,SHFE,2020-11-17,CU,10.0,CU2111.SHF,铜2111,2021-11-18
5.0,cu2112,2021-12-15,,SHFE,2020-12-16,CU,10.0,CU2112.SHF,铜2112,2021-12-20
5.0,cu2201,2022-01-17,,SHFE,2021-01-18,CU,10.0,CU2201.SHF,铜2201,2022-01-20
5.0,cu2202,2022-02-15,,SHFE,2021-02-08,CU,10.0,CU2202.SHF,铜2202,2022-02-18
5.0,cu2205,2022-05-16,,SHFE,2021-05-18,CU,10.0,CU2205.SHF,铜2205,2022-05-19
5.0,cu2203,2022-03-15,,SHFE,2021-03-16,CU,10.0,CU2203.SHF,铜2203,2022-03-18
5.0,cu2204,2022-04-15,,SHFE,2021-04-16,CU,10.0,CU2204.SHF,铜2204,2022-04-20
5.0,cu2206,2022-06-15,,SHFE,2021-06-16,CU,10.0,CU2206.SHF,铜2206,2022-06-20
5.0,cu2207,2022-07-15,,SHFE,2021-07-16,CU,10.0,CU2207.SHF,铜2207,2022-07-20
5.0,cu2208,2022-08-15,,SHFE,2021-08-17,CU,10.0,CU2208.SHF,铜2208,2022-08-18
5.0,cu2209,2022-09-15,,SHFE,2021-09-16,CU,10.0,CU2209.SHF,铜2209,2022-09-20
5.0,cu2210,2022-10-17,,SHFE,2021-10-18,CU,10.0,CU2210.SHF,铜2210,2022-10-20
5.0,cu2212,2022-12-15,,SHFE,2021-12-16,CU,10.0,CU2212.SHF,铜2212,2022-12-20
5.0,cu2301,2023-01-16,,SHFE,2022-01-18,CU,10.0,CU2301.SHF,铜2301,2023-01-19
5.0,cu2211,2022-11-15,,SHFE,2021-11-16,CU,10.0,CU2211.SHF,铜2211,2022-11-18
5.0,cu8888,2099-01-01,,SHFE,1995-04-17,CU,10.0,CU8888.SHF,铜主力,2099-01-01
5.0,cu0000,2099-01-01,,SHFE,1995-04-17,CU,10.0,CU0000.SHF,铜指数,2099-01-01
5.0,cu9999,2099-01-01,,SHFE,1995-04-17,CU,10.0,CU9999.SHF,铜前复权主力,2099-01-01
20.0,pg2110,2021-10-26,,DCE,2020-10-28,PG,1.0,PG2110.DCE,液化石油气2110,2021-10-29
20.0,pg2111,2021-11-25,,DCE,2020-11-26,PG,1.0,PG2111.DCE,液化石油气2111,2021-11-30
20.0,pg2112,2021-12-28,,DCE,2020-12-29,PG,1.0,PG2112.DCE,液化石油气2112,2021-12-31
20.0,pg2201,2022-01-25,,DCE,2021-01-27,PG,1.0,PG2201.DCE,液化石油气2201,2022-01-28
20.0,pg2204,2022-04-26,,DCE,2021-04-28,PG,1.0,PG2204.DCE,液化石油气2204,2022-04-29
20.0,pg2202,2022-02-23,,DCE,2021-02-24,PG,1.0,PG2202.DCE,液化石油气2202,2022-02-28
20.0,pg2203,2022-03-28,,DCE,2021-03-29,PG,1.0,PG2203.DCE,液化石油气2203,2022-03-31
20.0,pg2205,2022-05-26,,DCE,2021-05-27,PG,1.0,PG2205.DCE,液化石油气2205,2022-05-31
20.0,pg2207,2022-07-26,,DCE,2021-07-28,PG,1.0,PG2207.DCE,液化石油气2207,2022-07-29
20.0,pg2206,2022-06-27,,DCE,2021-06-28,PG,1.0,PG2206.DCE,液化石油气2206,2022-06-30
20.0,pg2208,2022-08-26,,DCE,2021-08-27,PG,1.0,PG2208.DCE,液化石油气2208,2022-08-31
20.0,pg2209,2022-09-27,,DCE,2021-09-28,PG,1.0,PG2209.DCE,液化石油气2209,2022-09-30
20.0,pg2301,2023-01-25,,DCE,2022-01-26,PG,1.0,PG2301.DCE,液化石油气2301,2023-01-30
20.0,pg2210,2022-10-26,,DCE,2021-10-27,PG,1.0,PG2210.DCE,液化石油气2210,2022-10-31
20.0,pg2212,2022-12-27,,DCE,2021-12-29,PG,1.0,PG2212.DCE,液化石油气2212,2022-12-30
20.0,pg2211,2022-11-25,,DCE,2021-11-26,PG,1.0,PG2211.DCE,液化石油气2211,2022-11-30
20.0,pg8888,2099-01-01,,DCE,2020-03-30,PG,1.0,PG8888.DCE,液化石油气主力,2099-01-01
20.0,pg0000,2099-01-01,,DCE,2020-03-30,PG,1.0,PG0000.DCE,液化石油气指数,2099-01-01
20.0,pg9999,2099-01-01,,DCE,2020-03-30,PG,1.0,PG9999.DCE,液化石油气前复权主力,2099-01-01
100.0,j2110,2021-10-21,,DCE,2020-10-23,J,0.5,J2110.DCE,冶金焦炭2110,2021-10-26
100.0,j2111,2021-11-12,,DCE,2020-11-16,J,0.5,J2111.DCE,冶金焦炭2111,2021-11-17
100.0,j2112,2021-12-14,,DCE,2020-12-15,J,0.5,J2112.DCE,冶金焦炭2112,2021-12-17
100.0,j2201,2022-01-17,,DCE,2021-01-18,J,0.5,J2201.DCE,冶金焦炭2201,2022-01-20
100.0,j2203,2022-03-14,,DCE,2021-03-15,J,0.5,J2203.DCE,冶金焦炭2203,2022-03-17
100.0,j2204,2022-04-18,,DCE,2021-04-16,J,0.5,J2204.DCE,冶金焦炭2204,2022-04-21
100.0,j2202,2022-02-18,,DCE,2021-02-22,J,0.5,J2202.DCE,冶金焦炭2202,2022-02-23
100.0,j2206,2022-06-15,,DCE,2021-06-16,J,0.5,J2206.DCE,冶金焦炭2206,2022-06-20
100.0,j2205,2022-05-18,,DCE,2021-05-20,J,0.5,J2205.DCE,冶金焦炭2205,2022-05-23
100.0,j2207,2022-07-14,,DCE,2021-07-15,J,0.5,J2207.DCE,冶金焦炭2207,2022-07-19
100.0,j2208,2022-08-12,,DCE,2021-08-16,J,0.5,J2208.DCE,冶金焦炭2208,2022-08-17
100.0,j2209,2022-09-15,,DCE,2021-09-15,J,0.5,J2209.DCE,冶金焦炭2209,2022-09-20
100.0,j2301,2023-01-17,,DCE,2022-01-18,J,0.5,J2301.DCE,冶金焦炭2301,2023-01-20
100.0,j2210,2022-10-21,,DCE,2021-10-22,J,0.5,J2210.DCE,冶金焦炭2210,2022-10-26
100.0,j2211,2022-11-14,,DCE,2021-11-15,J,0.5,J2211.DCE,冶金焦炭2211,2022-11-17
100.0,j2212,2022-12-14,,DCE,2021-12-15,J,0.5,J2212.DCE,冶金焦炭2212,2022-12-19
100.0,j8888,2099-01-01,,DCE,2011-04-15,J,0.5,J8888.DCE,冶金焦炭主力,2099-01-01
100.0,j0000,2099-01-01,,DCE,2011-04-15,J,0.5,J0000.DCE,冶金焦炭指数,2099-01-01
100.0,j9999,2099-01-01,,DCE,2011-04-15,J,0.5,J9999.DCE,冶金焦炭前复权主力,2099-01-01
5.0,SM110,2021-10-21,,CZCE,2020-10-23,SM,2.0,SM2110.CZC,锰硅110,2021-10-21
5.0,SM111,2021-11-12,,CZCE,2020-11-16,SM,2.0,SM2111.CZC,锰硅111,2021-11-12
5.0,SM112,2021-12-14,,CZCE,2020-12-15,SM,2.0,SM2112.CZC,锰硅112,2021-12-14
5.0,SM201,2022-01-17,,CZCE,2021-01-18,SM,2.0,SM2201.CZC,锰硅201,2022-01-17
5.0,SM202,2022-02-18,,CZCE,2021-02-22,SM,2.0,SM2202.CZC,锰硅202,2022-02-18
5.0,SM204,2022-04-18,,CZCE,2021-04-16,SM,2.0,SM2204.CZC,锰硅204,2022-04-18
5.0,SM203,2022-03-14,,CZCE,2021-03-15,SM,2.0,SM2203.CZC,锰硅203,2022-03-14
5.0,SM206,2022-06-15,,CZCE,2021-06-16,SM,2.0,SM2206.CZC,锰硅206,2022-06-15
5.0,SM205,2022-05-18,,CZCE,2021-05-20,SM,2.0,SM2205.CZC,锰硅205,2022-05-18
5.0,SM207,2022-07-14,,CZCE,2021-07-15,SM,2.0,SM2207.CZC,锰硅207,2022-07-14
5.0,SM208,2022-08-12,,CZCE,2021-08-16,SM,2.0,SM2208.CZC,锰硅208,2022-08-12
5.0,SM209,2022-09-15,,CZCE,2021-09-15,SM,2.0,SM2209.CZC,锰硅209,2022-09-15
5.0,SM301,2023-01-13,,CZCE,2022-01-18,SM,2.0,SM2301.CZC,锰硅301,2023-01-13
5.0,SM210,2022-10-21,,CZCE,2021-10-22,SM,2.0,SM2210.CZC,锰硅210,2022-10-21
5.0,SM211,2022-11-14,,CZCE,2021-11-15,SM,2.0,SM2211.CZC,锰硅211,2022-11-14
5.0,SM212,2022-12-14,,CZCE,2021-12-15,SM,2.0,SM2212.CZC,锰硅212,2022-12-14
5.0,SM8888,2099-01-01,,CZCE,2014-08-08,SM,2.0,SM8888.CZC,锰硅主力,2099-01-01
5.0,SM0000,2099-01-01,,CZCE,2014-08-08,SM,2.0,SM0000.CZC,锰硅指数,2099-01-01
5.0,SM9999,2099-01-01,,CZCE,2014-08-08,SM,2.0,SM9999.CZC,锰硅前复权主力,2099-01-01
20.0,SA110,2021-10-21,,CZCE,2020-10-23,SA,1.0,SA2110.CZC,纯碱110,2021-10-21
20.0,SA111,2021-11-12,,CZCE,2020-11-16,SA,1.0,SA2111.CZC,纯碱111,2021-11-12
20.0,SA112,2021-12-14,,CZCE,2020-12-15,SA,1.0,SA2112.CZC,纯碱112,2021-12-14
20.0,SA201,2022-01-17,,CZCE,2021-01-18,SA,1.0,SA2201.CZC,纯碱201,2022-01-17
20.0,SA202,2022-02-18,,CZCE,2021-02-22,SA,1.0,SA2202.CZC,纯碱202,2022-02-18
20.0,SA204,2022-04-18,,CZCE,2021-04-16,SA,1.0,SA2204.CZC,纯碱204,2022-04-18
20.0,SA203,2022-03-14,,CZCE,2021-03-15,SA,1.0,SA2203.CZC,纯碱203,2022-03-14
20.0,SA206,2022-06-15,,CZCE,2021-06-16,SA,1.0,SA2206.CZC,纯碱206,2022-06-15
20.0,SA205,2022-05-18,,CZCE,2021-05-20,SA,1.0,SA2205.CZC,纯碱205,2022-05-18
20.0,SA207,2022-07-14,,CZCE,2021-07-15,SA,1.0,SA2207.CZC,纯碱207,2022-07-14
20.0,SA208,2022-08-12,,CZCE,2021-08-16,SA,1.0,SA2208.CZC,纯碱208,2022-08-12
20.0,SA209,2022-09-15,,CZCE,2021-09-15,SA,1.0,SA2209.CZC,纯碱209,2022-09-15
20.0,SA301,2023-01-13,,CZCE,2022-01-18,SA,1.0,SA2301.CZC,纯碱301,2023-01-13
20.0,SA210,2022-10-21,,CZCE,2021-10-22,SA,1.0,SA2210.CZC,纯碱210,2022-10-21
20.0,SA211,2022-11-14,,CZCE,2021-11-15,SA,1.0,SA2211.CZC,纯碱211,2022-11-14
20.0,SA212,2022-12-14,,CZCE,2021-12-15,SA,1.0,SA2212.CZC,纯碱212,2022-12-14
20.0,SA8888,2099-01-01,,CZCE,2019-12-06,SA,1.0,SA8888.CZC,纯碱主力,2099-01-01
20.0,SA0000,2099-01-01,,CZCE,2019-12-06,SA,1.0,SA0000.CZC,纯碱指数,2099-01-01
20.0,SA9999,2099-01-01,,CZCE,2019-12-06,SA,1.0,SA9999.CZC,纯碱前复权主力,2099-01-01
10.0,hc2110,2021-10-15,,SHFE,2020-10-16,HC,1.0,HC2110.SHF,热轧卷板2110,2021-10-20
10.0,hc2111,2021-11-15,,SHFE,2020-11-17,HC,1.0,HC2111.SHF,热轧卷板2111,2021-11-18
10.0,hc2112,2021-12-15,,SHFE,2020-12-16,HC,1.0,HC2112.SHF,热轧卷板2112,2021-12-20
10.0,hc2201,2022-01-17,,SHFE,2021-01-18,HC,1.0,HC2201.SHF,热轧卷板2201,2022-01-20
10.0,hc2202,2022-02-15,,SHFE,2021-02-08,HC,1.0,HC2202.SHF,热轧卷板2202,2022-02-18
10.0,hc2205,2022-05-16,,SHFE,2021-05-18,HC,1.0,HC2205.SHF,热轧卷板2205,2022-05-19
10.0,hc2203,2022-03-15,,SHFE,2021-03-16,HC,1.0,HC2203.SHF,热轧卷板2203,2022-03-18
10.0,hc2204,2022-04-15,,SHFE,2021-04-16,HC,1.0,HC2204.SHF,热轧卷板2204,2022-04-20
10.0,hc2206,2022-06-15,,SHFE,2021-06-16,HC,1.0,HC2206.SHF,热轧卷板2206,2022-06-20
10.0,hc2207,2022-07-15,,SHFE,2021-07-16,HC,1.0,HC2207.SHF,热轧卷板2207,2022-07-20
10.0,hc2208,2022-08-15,,SHFE,2021-08-17,HC,1.0,HC2208.SHF,热轧卷板2208,2022-08-18
10.0,hc2209,2022-09-15,,SHFE,2021-09-16,HC,1.0,HC2209.SHF,热轧卷板2209,2022-09-20
10.0,hc2210,2022-10-17,,SHFE,2021-10-18,HC,1.0,HC2210.SHF,热轧卷板2210,2022-10-20
10.0,hc2212,2022-12-15,,SHFE,2021-12-16,HC,1.0,HC2212.SHF,热轧卷板2212,2022-12-20
10.0,hc2301,2023-01-16,,SHFE,2022-01-18,HC,1.0,HC2301.SHF,热轧卷板2301,2023-01-19
10.0,hc2211,2022-11-15,,SHFE,2021-11-16,HC,1.0,HC2211.SHF,热轧卷板2211,2022-11-18
10.0,hc8888,2099-01-01,,SHFE,2014-03-21,HC,1.0,HC8888.SHF,热轧卷板主力,2099-01-01
10.0,hc0000,2099-01-01,,SHFE,2014-03-21,HC,1.0,HC0000.SHF,热轧卷板指数,2099-01-01
10.0,hc9999,2099-01-01,,SHFE,2014-03-21,HC,1.0,HC9999.SHF,热轧卷板前复权主力,2099-01-01
10.0,WS8888,2099-01-01,人民币元/吨,CZCE,2003-03-28,WS,1.0,WS8888.CZC,强麦主力,2013-05-31
10.0,WS0000,2099-01-01,人民币元/吨,CZCE,2003-03-28,WS,1.0,WS0000.CZC,强麦指数,2013-05-31
10.0,WS9999,2099-01-01,人民币元/吨,CZCE,2003-03-28,WS,1.0,WS9999.CZC,强麦前复权主力,2013-05-31
5.0,CY110,2021-10-21,,CZCE,2020-10-23,CY,5.0,CY2110.CZC,棉纱110,2021-10-21
5.0,CY111,2021-11-12,,CZCE,2020-11-16,CY,5.0,CY2111.CZC,棉纱111,2021-11-12
5.0,CY112,2021-12-14,,CZCE,2020-12-15,CY,5.0,CY2112.CZC,棉纱112,2021-12-14
5.0,CY201,2022-01-17,,CZCE,2021-01-18,CY,5.0,CY2201.CZC,棉纱201,2022-01-17
5.0,CY202,2022-02-18,,CZCE,2021-02-22,CY,5.0,CY2202.CZC,棉纱202,2022-02-18
5.0,CY203,2022-03-14,,CZCE,2021-03-15,CY,5.0,CY2203.CZC,棉纱203,2022-03-14
5.0,CY204,2022-04-18,,CZCE,2021-04-16,CY,5.0,CY2204.CZC,棉纱204,2022-04-18
5.0,CY206,2022-06-15,,CZCE,2021-06-16,CY,5.0,CY2206.CZC,棉纱206,2022-06-15
5.0,CY205,2022-05-18,,CZCE,2021-05-20,CY,5.0,CY2205.CZC,棉纱205,2022-05-18
5.0,CY207,2022-07-14,,CZCE,2021-07-15,CY,5.0,CY2207.CZC,棉纱207,2022-07-14
5.0,CY208,2022-08-12,,CZCE,2021-08-16,CY,5.0,CY2208.CZC,棉纱208,2022-08-12
5.0,CY209,2022-09-15,,CZCE,2021-09-15,CY,5.0,CY2209.CZC,棉纱209,2022-09-15
5.0,CY301,2023-01-13,,CZCE,2022-01-18,CY,5.0,CY2301.CZC,棉纱301,2023-01-13
5.0,CY210,2022-10-21,,CZCE,2021-10-22,CY,5.0,CY2210.CZC,棉纱210,2022-10-21
5.0,CY211,2022-11-14,,CZCE,2021-11-15,CY,5.0,CY2211.CZC,棉纱211,2022-11-14
5.0,CY212,2022-12-14,,CZCE,2021-12-15,CY,5.0,CY2212.CZC,棉纱212,2022-12-14
5.0,CY8888,2099-01-01,,CZCE,2017-08-18,CY,5.0,CY8888.CZC,棉纱主力,2099-01-01
5.0,CY0000,2099-01-01,,CZCE,2017-08-18,CY,5.0,CY0000.CZC,棉纱指数,2099-01-01
5.0,CY9999,2099-01-01,,CZCE,2017-08-18,CY,5.0,CY9999.CZC,棉纱前复权主力,2099-01-01
10.0,nr2110,2021-10-15,,INE,2020-10-16,NR,5.0,NR2110.INE,20号胶2110,2021-10-22
10.0,nr2111,2021-11-15,,INE,2020-11-17,NR,5.0,NR2111.INE,20号胶2111,2021-11-22
10.0,nr2112,2021-12-15,,INE,2020-12-16,NR,5.0,NR2112.INE,20号胶2112,2021-12-22
10.0,nr2201,2022-01-17,,INE,2021-01-18,NR,5.0,NR2201.INE,20号胶2201,2022-01-24
10.0,nr2202,2022-02-15,,INE,2021-02-08,NR,5.0,NR2202.INE,20号胶2202,2022-02-22
10.0,nr2203,2022-03-15,,INE,2021-03-16,NR,5.0,NR2203.INE,20号胶2203,2022-03-22
10.0,nr2204,2022-04-15,,INE,2021-04-16,NR,5.0,NR2204.INE,20号胶2204,2022-04-22
10.0,nr2206,2022-06-15,,INE,2021-06-16,NR,5.0,NR2206.INE,20号胶2206,2022-06-22
10.0,nr2205,2022-05-16,,INE,2021-05-18,NR,5.0,NR2205.INE,20号胶2205,2022-05-23
10.0,nr2207,2022-07-15,,INE,2021-07-16,NR,5.0,NR2207.INE,20号胶2207,2022-07-22
10.0,nr2208,2022-08-15,,INE,2021-08-17,NR,5.0,NR2208.INE,20号胶2208,2022-08-22
10.0,nr2209,2022-09-15,,INE,2021-09-16,NR,5.0,NR2209.INE,20号胶2209,2022-09-22
10.0,nr2301,2023-01-16,,INE,2022-01-18,NR,5.0,NR2301.INE,20号胶2301,2023-01-23
10.0,nr2210,2022-10-17,,INE,2021-10-18,NR,5.0,NR2210.INE,20号胶2210,2022-10-24
10.0,nr2212,2022-12-15,,INE,2021-12-16,NR,5.0,NR2212.INE,20号胶2212,2022-12-22
10.0,nr2211,2022-11-15,,INE,2021-11-16,NR,5.0,NR2211.INE,20号胶2211,2022-11-22
10.0,nr8888,2099-01-01,,INE,2019-08-12,NR,5.0,NR8888.INE,20号胶主力,2099-01-01
10.0,nr0000,2099-01-01,,INE,2019-08-12,NR,5.0,NR0000.INE,20号胶指数,2099-01-01
10.0,nr9999,2099-01-01,,INE,2019-08-12,NR,5.0,NR9999.INE,20号胶前复权主力,2099-01-01
20000.0,TS2112,2021-12-10,,CFFEX,2021-03-15,TS,0.005,TS2112.CFX,2年期国债2112,2021-12-15
20000.0,TS2203,2022-03-11,,CFFEX,2021-06-15,TS,0.005,TS2203.CFX,2年期国债2203,2022-03-16
20000.0,TS2206,2022-06-10,,CFFEX,2021-09-13,TS,0.005,TS2206.CFX,2年期国债2206,2022-06-15
20000.0,TS2209,2022-09-09,,CFFEX,2021-12-13,TS,0.005,TS2209.CFX,2年期国债2209,2022-09-15
20000.0,TS8888,2099-01-01,,CFFEX,2018-08-17,TS,0.005,TS8888.CFX,2年期国债主力,2099-01-01
20000.0,TS0000,2099-01-01,,CFFEX,2018-08-17,TS,0.005,TS0000.CFX,2年期国债指数,2099-01-01
20000.0,TS9999,2099-01-01,,CFFEX,2018-08-17,TS,0.005,TS9999.CFX,2年期国债前复权主力,2099-01-01
20.0,WH111,2021-11-12,,CZCE,2020-11-16,WH,1.0,WH2111.CZC,优质强筋小麦111,2021-11-12
20.0,WH201,2022-01-17,,CZCE,2021-01-18,WH,1.0,WH2201.CZC,优质强筋小麦201,2022-01-17
20.0,WH203,2022-03-14,,CZCE,2021-03-15,WH,1.0,WH2203.CZC,优质强筋小麦203,2022-03-14
20.0,WH205,2022-05-18,,CZCE,2021-05-20,WH,1.0,WH2205.CZC,优质强筋小麦205,2022-05-18
20.0,WH207,2022-07-14,,CZCE,2021-07-15,WH,1.0,WH2207.CZC,优质强筋小麦207,2022-07-14
20.0,WH209,2022-09-15,,CZCE,2021-09-15,WH,1.0,WH2209.CZC,优质强筋小麦209,2022-09-15
20.0,WH301,2023-01-13,,CZCE,2022-01-18,WH,1.0,WH2301.CZC,优质强筋小麦301,2023-01-13
20.0,WH211,2022-11-14,,CZCE,2021-11-15,WH,1.0,WH2211.CZC,优质强筋小麦211,2022-11-14
20.0,WH8888,2099-01-01,,CZCE,2012-07-24,WH,1.0,WH8888.CZC,优质强筋小麦主力,2099-01-01
20.0,WH0000,2099-01-01,,CZCE,2012-07-24,WH,1.0,WH0000.CZC,优质强筋小麦指数,2099-01-01
20.0,WH9999,2099-01-01,,CZCE,2012-07-24,WH,1.0,WH9999.CZC,优质强筋小麦前复权主力,2099-01-01
5.0,v2110,2021-10-21,,DCE,2020-10-23,V,5.0,V2110.DCE,聚氯乙烯2110,2021-10-26
5.0,v2111,2021-11-12,,DCE,2020-11-16,V,1.0,V2111.DCE,聚氯乙烯2111,2021-11-17
5.0,v2112,2021-12-14,,DCE,2020-12-15,V,1.0,V2112.DCE,聚氯乙烯2112,2021-12-17
5.0,v2201,2022-01-17,,DCE,2021-01-18,V,1.0,V2201.DCE,聚氯乙烯2201,2022-01-20
5.0,v2203,2022-03-14,,DCE,2021-03-15,V,1.0,V2203.DCE,聚氯乙烯2203,2022-03-17
5.0,v2204,2022-04-18,,DCE,2021-04-16,V,1.0,V2204.DCE,聚氯乙烯2204,2022-04-21
5.0,v2202,2022-02-18,,DCE,2021-02-22,V,1.0,V2202.DCE,聚氯乙烯2202,2022-02-23
5.0,v2206,2022-06-15,,DCE,2021-06-16,V,1.0,V2206.DCE,聚氯乙烯2206,2022-06-20
5.0,v2205,2022-05-18,,DCE,2021-05-20,V,1.0,V2205.DCE,聚氯乙烯2205,2022-05-23
5.0,v2207,2022-07-14,,DCE,2021-07-15,V,1.0,V2207.DCE,聚氯乙烯2207,2022-07-19
5.0,v2208,2022-08-12,,DCE,2021-08-16,V,1.0,V2208.DCE,聚氯乙烯2208,2022-08-17
5.0,v2209,2022-09-15,,DCE,2021-09-15,V,1.0,V2209.DCE,聚氯乙烯2209,2022-09-20
5.0,v2301,2023-01-17,,DCE,2022-01-18,V,1.0,V2301.DCE,聚氯乙烯2301,2023-01-20
5.0,v2210,2022-10-21,,DCE,2021-10-22,V,1.0,V2210.DCE,聚氯乙烯2210,2022-10-26
5.0,v2211,2022-11-14,,DCE,2021-11-15,V,1.0,V2211.DCE,聚氯乙烯2211,2022-11-17
5.0,v2212,2022-12-14,,DCE,2021-12-15,V,1.0,V2212.DCE,聚氯乙烯2212,2022-12-19
5.0,v8888,2099-01-01,,DCE,2009-05-25,V,1.0,V8888.DCE,聚氯乙烯主力,2099-01-01
5.0,v0000,2099-01-01,,DCE,2009-05-25,V,1.0,V0000.DCE,聚氯乙烯指数,2099-01-01
5.0,v9999,2099-01-01,,DCE,2009-05-25,V,1.0,V9999.DCE,聚氯乙烯前复权主力,2099-01-01
200.0,TC8888,2099-01-01,人民币元/吨,CZCE,2013-09-26,TC,0.2,TC8888.CZC,动力煤主力,2016-04-12
200.0,TC0000,2099-01-01,人民币元/吨,CZCE,2013-09-26,TC,0.2,TC0000.CZC,动力煤指数,2016-04-12
200.0,TC9999,2099-01-01,人民币元/吨,CZCE,2013-09-26,TC,0.2,TC9999.CZC,动力煤前复权主力,2016-04-12
50.0,ME8888,2099-01-01,人民币元/吨,CZCE,2011-10-28,ME,1.0,ME8888.CZC,甲醇主力,2015-05-19
50.0,ME0000,2099-01-01,人民币元/吨,CZCE,2011-10-28,ME,1.0,ME0000.CZC,甲醇指数,2015-05-19
50.0,ME9999,2099-01-01,人民币元/吨,CZCE,2011-10-28,ME,1.0,ME9999.CZC,甲醇前复权主力,2015-05-19
10.0,wr2110,2021-10-15,,SHFE,2020-10-16,WR,1.0,WR2110.SHF,线材2110,2021-10-20
10.0,wr2111,2021-11-15,,SHFE,2020-11-17,WR,1.0,WR2111.SHF,线材2111,2021-11-18
10.0,wr2112,2021-12-15,,SHFE,2020-12-16,WR,1.0,WR2112.SHF,线材2112,2021-12-20
10.0,wr2201,2022-01-17,,SHFE,2021-01-18,WR,1.0,WR2201.SHF,线材2201,2022-01-20
10.0,wr2202,2022-02-15,,SHFE,2021-02-08,WR,1.0,WR2202.SHF,线材2202,2022-02-18
10.0,wr2205,2022-05-16,,SHFE,2021-05-18,WR,1.0,WR2205.SHF,线材2205,2022-05-19
10.0,wr2203,2022-03-15,,SHFE,2021-03-16,WR,1.0,WR2203.SHF,线材2203,2022-03-18
10.0,wr2204,2022-04-15,,SHFE,2021-04-16,WR,1.0,WR2204.SHF,线材2204,2022-04-20
10.0,wr2206,2022-06-15,,SHFE,2021-06-16,WR,1.0,WR2206.SHF,线材2206,2022-06-20
10.0,wr2207,2022-07-15,,SHFE,2021-07-16,WR,1.0,WR2207.SHF,线材2207,2022-07-20
10.0,wr2208,2022-08-15,,SHFE,2021-08-17,WR,1.0,WR2208.SHF,线材2208,2022-08-18
10.0,wr2209,2022-09-15,,SHFE,2021-09-16,WR,1.0,WR2209.SHF,线材2209,2022-09-20
10.0,wr2210,2022-10-17,,SHFE,2021-10-18,WR,1.0,WR2210.SHF,线材2210,2022-10-20
10.0,wr2212,2022-12-15,,SHFE,2021-12-16,WR,1.0,WR2212.SHF,线材2212,2022-12-20
10.0,wr2301,2023-01-16,,SHFE,2022-01-18,WR,1.0,WR2301.SHF,线材2301,2023-01-19
10.0,wr2211,2022-11-15,,SHFE,2021-11-16,WR,1.0,WR2211.SHF,线材2211,2022-11-18
10.0,wr8888,2099-01-01,,SHFE,2009-03-27,WR,1.0,WR8888.SHF,线材主力,2099-01-01
10.0,wr0000,2099-01-01,,SHFE,2009-03-27,WR,1.0,WR0000.SHF,线材指数,2099-01-01
10.0,wr9999,2099-01-01,,SHFE,2009-03-27,WR,1.0,WR9999.SHF,线材前复权主力,2099-01-01
10.0,cs2111,2021-11-12,,DCE,2020-11-16,CS,1.0,CS2111.DCE,玉米淀粉2111,2021-11-17
10.0,cs2201,2022-01-17,,DCE,2021-01-18,CS,1.0,CS2201.DCE,玉米淀粉2201,2022-01-20
10.0,cs2203,2022-03-14,,DCE,2021-03-15,CS,1.0,CS2203.DCE,玉米淀粉2203,2022-03-17
10.0,cs2205,2022-05-18,,DCE,2021-05-20,CS,1.0,CS2205.DCE,玉米淀粉2205,2022-05-23
10.0,cs2207,2022-07-14,,DCE,2021-07-15,CS,1.0,CS2207.DCE,玉米淀粉2207,2022-07-19
10.0,cs2209,2022-09-15,,DCE,2021-09-15,CS,1.0,CS2209.DCE,玉米淀粉2209,2022-09-20
10.0,cs2301,2023-01-17,,DCE,2022-01-18,CS,1.0,CS2301.DCE,玉米淀粉2301,2023-01-20
10.0,cs2211,2022-11-14,,DCE,2021-11-15,CS,1.0,CS2211.DCE,玉米淀粉2211,2022-11-17
10.0,cs8888,2099-01-01,,DCE,2014-12-19,CS,1.0,CS8888.DCE,玉米淀粉主力,2099-01-01
10.0,cs0000,2099-01-01,,DCE,2014-12-19,CS,1.0,CS0000.DCE,玉米淀粉指数,2099-01-01
10.0,cs9999,2099-01-01,,DCE,2014-12-19,CS,1.0,CS9999.DCE,玉米淀粉前复权主力,2099-01-01
5.0,l2110,2021-10-21,,DCE,2020-10-23,L,5.0,L2110.DCE,线型低密度聚乙烯2110,2021-10-26
5.0,l2111,2021-11-12,,DCE,2020-11-16,L,1.0,L2111.DCE,线型低密度聚乙烯2111,2021-11-17
5.0,l2112,2021-12-14,,DCE,2020-12-15,L,1.0,L2112.DCE,线型低密度聚乙烯2112,2021-12-17
5.0,l2201,2022-01-17,,DCE,2021-01-18,L,1.0,L2201.DCE,线型低密度聚乙烯2201,2022-01-20
5.0,l2204,2022-04-18,,DCE,2021-04-16,L,1.0,L2204.DCE,线型低密度聚乙烯2204,2022-04-21
5.0,l2203,2022-03-14,,DCE,2021-03-15,L,1.0,L2203.DCE,线型低密度聚乙烯2203,2022-03-17
5.0,l2202,2022-02-18,,DCE,2021-02-22,L,1.0,L2202.DCE,线型低密度聚乙烯2202,2022-02-23
5.0,l2206,2022-06-15,,DCE,2021-06-16,L,1.0,L2206.DCE,线型低密度聚乙烯2206,2022-06-20
5.0,l2205,2022-05-18,,DCE,2021-05-20,L,1.0,L2205.DCE,线型低密度聚乙烯2205,2022-05-23
5.0,l2207,2022-07-14,,DCE,2021-07-15,L,1.0,L2207.DCE,线型低密度聚乙烯2207,2022-07-19
5.0,l2208,2022-08-12,,DCE,2021-08-16,L,1.0,L2208.DCE,线型低密度聚乙烯2208,2022-08-17
5.0,l2209,2022-09-15,,DCE,2021-09-15,L,1.0,L2209.DCE,线型低密度聚乙烯2209,2022-09-20
5.0,l2301,2023-01-17,,DCE,2022-01-18,L,1.0,L2301.DCE,线型低密度聚乙烯2301,2023-01-20
5.0,l2210,2022-10-21,,DCE,2021-10-22,L,1.0,L2210.DCE,线型低密度聚乙烯2210,2022-10-26
5.0,l2211,2022-11-14,,DCE,2021-11-15,L,1.0,L2211.DCE,线型低密度聚乙烯2211,2022-11-17
5.0,l2212,2022-12-14,,DCE,2021-12-15,L,1.0,L2212.DCE,线型低密度聚乙烯2212,2022-12-19
5.0,l8888,2099-01-01,,DCE,2007-07-31,L,1.0,L8888.DCE,线型低密度聚乙烯主力,2099-01-01
5.0,l0000,2099-01-01,,DCE,2007-07-31,L,1.0,L0000.DCE,线型低密度聚乙烯指数,2099-01-01
5.0,l9999,2099-01-01,,DCE,2007-07-31,L,1.0,L9999.DCE,线型低密度聚乙烯前复权主力,2099-01-01
10.0,a2111,2021-11-12,,DCE,2020-11-16,A,1.0,A2111.DCE,黄大豆1号2111,2021-11-17
10.0,a2201,2022-01-17,,DCE,2021-01-18,A,1.0,A2201.DCE,黄大豆1号2201,2022-01-20
10.0,a2203,2022-03-14,,DCE,2021-03-15,A,1.0,A2203.DCE,黄大豆1号2203,2022-03-17
10.0,a2205,2022-05-18,,DCE,2021-05-20,A,1.0,A2205.DCE,黄大豆1号2205,2022-05-23
10.0,a2207,2022-07-14,,DCE,2021-07-15,A,1.0,A2207.DCE,黄大豆1号2207,2022-07-19
10.0,a2209,2022-09-15,,DCE,2021-09-15,A,1.0,A2209.DCE,黄大豆1号2209,2022-09-20
10.0,a2301,2023-01-17,,DCE,2022-01-18,A,1.0,A2301.DCE,黄大豆1号2301,2023-01-20
10.0,a2211,2022-11-14,,DCE,2021-11-15,A,1.0,A2211.DCE,黄大豆1号2211,2022-11-17
10.0,a8888,2099-01-01,,DCE,1999-01-04,A,1.0,A8888.DCE,黄大豆1号主力,2099-01-01
10.0,a0000,2099-01-01,,DCE,1999-01-04,A,1.0,A0000.DCE,黄大豆1号指数,2099-01-01
10.0,a9999,2099-01-01,,DCE,1999-01-04,A,1.0,A9999.DCE,黄大豆1号前复权主力,2099-01-01
5.0,bc2110,2021-10-15,,INE,2020-11-19,BC,10.0,BC2110.INE,国际铜2110,2021-10-22
5.0,bc2111,2021-11-15,,INE,2020-11-19,BC,10.0,BC2111.INE,国际铜2111,2021-11-22
5.0,bc2112,2021-12-15,,INE,2020-12-16,BC,10.0,BC2112.INE,国际铜2112,2021-12-22
5.0,bc2201,2022-01-17,,INE,2021-01-18,BC,10.0,BC2201.INE,国际铜2201,2022-01-24
5.0,bc2202,2022-02-15,,INE,2021-02-08,BC,10.0,BC2202.INE,国际铜2202,2022-02-22
5.0,bc2205,2022-05-16,,INE,2021-05-18,BC,10.0,BC2205.INE,国际铜2205,2022-05-23
5.0,bc2203,2022-03-15,,INE,2021-03-16,BC,10.0,BC2203.INE,国际铜2203,2022-03-22
5.0,bc2204,2022-04-15,,INE,2021-04-16,BC,10.0,BC2204.INE,国际铜2204,2022-04-22
5.0,bc2206,2022-06-15,,INE,2021-06-16,BC,10.0,BC2206.INE,国际铜2206,2022-06-22
5.0,bc2207,2022-07-15,,INE,2021-07-16,BC,10.0,BC2207.INE,国际铜2207,2022-07-22
5.0,bc2208,2022-08-15,,INE,2021-08-17,BC,10.0,BC2208.INE,国际铜2208,2022-08-22
5.0,bc2209,2022-09-15,,INE,2021-09-16,BC,10.0,BC2209.INE,国际铜2209,2022-09-22
5.0,bc2212,2022-12-15,,INE,2021-12-16,BC,10.0,BC2212.INE,国际铜2212,2022-12-22
5.0,bc2210,2022-10-17,,INE,2021-10-18,BC,10.0,BC2210.INE,国际铜2210,2022-10-24
5.0,bc2301,2023-01-16,,INE,2022-01-18,BC,10.0,BC2301.INE,国际铜2301,2023-01-23
5.0,bc2211,2022-11-15,,INE,2021-11-16,BC,10.0,BC2211.INE,国际铜2211,2022-11-22
5.0,bc8888,2099-01-01,,INE,2020-11-19,BC,10.0,BC8888.INE,国际铜主力,2099-01-01
5.0,bc0000,2099-01-01,,INE,2020-11-19,BC,10.0,BC0000.INE,国际铜指数,2099-01-01
5.0,bc9999,2099-01-01,,INE,2020-11-19,BC,10.0,BC9999.INE,国际铜前复权主力,2099-01-01
10.0,RS111,2021-11-12,,CZCE,2020-11-16,RS,1.0,RS2111.CZC,油菜籽111,2021-11-12
10.0,RS207,2022-07-14,,CZCE,2021-07-15,RS,1.0,RS2207.CZC,油菜籽207,2022-07-14
10.0,RS208,2022-08-12,,CZCE,2021-08-16,RS,1.0,RS2208.CZC,油菜籽208,2022-08-12
10.0,RS209,2022-09-15,,CZCE,2021-09-15,RS,1.0,RS2209.CZC,油菜籽209,2022-09-15
10.0,RS211,2022-11-14,,CZCE,2021-11-15,RS,1.0,RS2211.CZC,油菜籽211,2022-11-14
10.0,RS8888,2099-01-01,,CZCE,2012-12-28,RS,1.0,RS8888.CZC,油菜籽主力,2099-01-01
10.0,RS0000,2099-01-01,,CZCE,2012-12-28,RS,1.0,RS0000.CZC,油菜籽指数,2099-01-01
10.0,RS9999,2099-01-01,,CZCE,2012-12-28,RS,1.0,RS9999.CZC,油菜籽前复权主力,2099-01-01
20.0,UR110,2021-10-21,,CZCE,2020-10-23,UR,1.0,UR2110.CZC,尿素110,2021-10-21
20.0,UR111,2021-11-12,,CZCE,2020-11-16,UR,1.0,UR2111.CZC,尿素111,2021-11-12
20.0,UR112,2021-12-14,,CZCE,2020-12-15,UR,1.0,UR2112.CZC,尿素112,2021-12-14
20.0,UR201,2022-01-17,,CZCE,2021-01-18,UR,1.0,UR2201.CZC,尿素201,2022-01-17
20.0,UR202,2022-02-18,,CZCE,2021-02-22,UR,1.0,UR2202.CZC,尿素202,2022-02-18
20.0,UR203,2022-03-14,,CZCE,2021-03-15,UR,1.0,UR2203.CZC,尿素203,2022-03-14
20.0,UR204,2022-04-18,,CZCE,2021-04-16,UR,1.0,UR2204.CZC,尿素204,2022-04-18
20.0,UR206,2022-06-15,,CZCE,2021-06-16,UR,1.0,UR2206.CZC,尿素206,2022-06-15
20.0,UR205,2022-05-18,,CZCE,2021-05-20,UR,1.0,UR2205.CZC,尿素205,2022-05-18
20.0,UR207,2022-07-14,,CZCE,2021-07-15,UR,1.0,UR2207.CZC,尿素207,2022-07-14
20.0,UR208,2022-08-12,,CZCE,2021-08-16,UR,1.0,UR2208.CZC,尿素208,2022-08-12
20.0,UR209,2022-09-15,,CZCE,2021-09-15,UR,1.0,UR2209.CZC,尿素209,2022-09-15
20.0,UR301,2023-01-13,,CZCE,2022-01-18,UR,1.0,UR2301.CZC,尿素301,2023-01-13
20.0,UR210,2022-10-21,,CZCE,2021-10-22,UR,1.0,UR2210.CZC,尿素210,2022-10-21
20.0,UR211,2022-11-14,,CZCE,2021-11-15,UR,1.0,UR2211.CZC,尿素211,2022-11-14
20.0,UR212,2022-12-14,,CZCE,2021-12-15,UR,1.0,UR2212.CZC,尿素212,2022-12-14
20.0,UR8888,2099-01-01,,CZCE,2019-08-09,UR,1.0,UR8888.CZC,尿素主力,2099-01-01
20.0,UR0000,2099-01-01,,CZCE,2019-08-09,UR,1.0,UR0000.CZC,尿素指数,2099-01-01
20.0,UR9999,2099-01-01,,CZCE,2019-08-09,UR,1.0,UR9999.CZC,尿素前复权主力,2099-01-01
10.0,RM111,2021-11-12,,CZCE,2020-11-16,RM,1.0,RM2111.CZC,菜籽粕111,2021-11-12
10.0,RM201,2022-01-17,,CZCE,2021-01-18,RM,1.0,RM2201.CZC,菜籽粕201,2022-01-17
10.0,RM203,2022-03-14,,CZCE,2021-03-15,RM,1.0,RM2203.CZC,菜籽粕203,2022-03-14
10.0,RM205,2022-05-18,,CZCE,2021-05-20,RM,1.0,RM2205.CZC,菜籽粕205,2022-05-18
10.0,RM207,2022-07-14,,CZCE,2021-07-15,RM,1.0,RM2207.CZC,菜籽粕207,2022-07-14
10.0,RM208,2022-08-12,,CZCE,2021-08-16,RM,1.0,RM2208.CZC,菜籽粕208,2022-08-12
10.0,RM209,2022-09-15,,CZCE,2021-09-15,RM,1.0,RM2209.CZC,菜籽粕209,2022-09-15
10.0,RM301,2023-01-13,,CZCE,2022-01-18,RM,1.0,RM2301.CZC,菜籽粕301,2023-01-13
10.0,RM211,2022-11-14,,CZCE,2021-11-15,RM,1.0,RM2211.CZC,菜籽粕211,2022-11-14
10.0,RM8888,2099-01-01,,CZCE,2012-12-28,RM,1.0,RM8888.CZC,菜籽粕主力,2099-01-01
10.0,RM0000,2099-01-01,,CZCE,2012-12-28,RM,1.0,RM0000.CZC,菜籽粕指数,2099-01-01
10.0,RM9999,2099-01-01,,CZCE,2012-12-28,RM,1.0,RM9999.CZC,菜籽粕前复权主力,2099-01-01
